--
-- PostgreSQL database dump
--

-- Dumped from database version 9.6.3
-- Dumped by pg_dump version 9.6.3

SET statement_timeout = 0;
SET lock_timeout = 0;
SET idle_in_transaction_session_timeout = 0;
SET client_encoding = 'UTF8';
SET standard_conforming_strings = on;
SET check_function_bodies = false;
SET client_min_messages = warning;
SET row_security = off;

--
-- Name: postgres; Type: COMMENT; Schema: -; Owner: postgres
--

COMMENT ON DATABASE postgres IS 'default administrative connection database';


--
-- Name: plpgsql; Type: EXTENSION; Schema: -; Owner: 
--

CREATE EXTENSION IF NOT EXISTS plpgsql WITH SCHEMA pg_catalog;


--
-- Name: EXTENSION plpgsql; Type: COMMENT; Schema: -; Owner: 
--

COMMENT ON EXTENSION plpgsql IS 'PL/pgSQL procedural language';


SET search_path = public, pg_catalog;

SET default_tablespace = '';

SET default_with_oids = false;

--
-- Name: auth_group; Type: TABLE; Schema: public; Owner: postgres
--

CREATE TABLE auth_group (
    id integer NOT NULL,
    name character varying(80) NOT NULL
);


ALTER TABLE auth_group OWNER TO postgres;

--
-- Name: auth_group_id_seq; Type: SEQUENCE; Schema: public; Owner: postgres
--

CREATE SEQUENCE auth_group_id_seq
    START WITH 1
    INCREMENT BY 1
    NO MINVALUE
    NO MAXVALUE
    CACHE 1;


ALTER TABLE auth_group_id_seq OWNER TO postgres;

--
-- Name: auth_group_id_seq; Type: SEQUENCE OWNED BY; Schema: public; Owner: postgres
--

ALTER SEQUENCE auth_group_id_seq OWNED BY auth_group.id;


--
-- Name: auth_group_permissions; Type: TABLE; Schema: public; Owner: postgres
--

CREATE TABLE auth_group_permissions (
    id integer NOT NULL,
    group_id integer NOT NULL,
    permission_id integer NOT NULL
);


ALTER TABLE auth_group_permissions OWNER TO postgres;

--
-- Name: auth_group_permissions_id_seq; Type: SEQUENCE; Schema: public; Owner: postgres
--

CREATE SEQUENCE auth_group_permissions_id_seq
    START WITH 1
    INCREMENT BY 1
    NO MINVALUE
    NO MAXVALUE
    CACHE 1;


ALTER TABLE auth_group_permissions_id_seq OWNER TO postgres;

--
-- Name: auth_group_permissions_id_seq; Type: SEQUENCE OWNED BY; Schema: public; Owner: postgres
--

ALTER SEQUENCE auth_group_permissions_id_seq OWNED BY auth_group_permissions.id;


--
-- Name: auth_permission; Type: TABLE; Schema: public; Owner: postgres
--

CREATE TABLE auth_permission (
    id integer NOT NULL,
    name character varying(255) NOT NULL,
    content_type_id integer NOT NULL,
    codename character varying(100) NOT NULL
);


ALTER TABLE auth_permission OWNER TO postgres;

--
-- Name: auth_permission_id_seq; Type: SEQUENCE; Schema: public; Owner: postgres
--

CREATE SEQUENCE auth_permission_id_seq
    START WITH 1
    INCREMENT BY 1
    NO MINVALUE
    NO MAXVALUE
    CACHE 1;


ALTER TABLE auth_permission_id_seq OWNER TO postgres;

--
-- Name: auth_permission_id_seq; Type: SEQUENCE OWNED BY; Schema: public; Owner: postgres
--

ALTER SEQUENCE auth_permission_id_seq OWNED BY auth_permission.id;


--
-- Name: auth_user; Type: TABLE; Schema: public; Owner: postgres
--

CREATE TABLE auth_user (
    id integer NOT NULL,
    password character varying(128) NOT NULL,
    last_login timestamp with time zone,
    is_superuser boolean NOT NULL,
    username character varying(150) NOT NULL,
    first_name character varying(30) NOT NULL,
    last_name character varying(30) NOT NULL,
    email character varying(254) NOT NULL,
    is_staff boolean NOT NULL,
    is_active boolean NOT NULL,
    date_joined timestamp with time zone NOT NULL
);


ALTER TABLE auth_user OWNER TO postgres;

--
-- Name: auth_user_groups; Type: TABLE; Schema: public; Owner: postgres
--

CREATE TABLE auth_user_groups (
    id integer NOT NULL,
    user_id integer NOT NULL,
    group_id integer NOT NULL
);


ALTER TABLE auth_user_groups OWNER TO postgres;

--
-- Name: auth_user_groups_id_seq; Type: SEQUENCE; Schema: public; Owner: postgres
--

CREATE SEQUENCE auth_user_groups_id_seq
    START WITH 1
    INCREMENT BY 1
    NO MINVALUE
    NO MAXVALUE
    CACHE 1;


ALTER TABLE auth_user_groups_id_seq OWNER TO postgres;

--
-- Name: auth_user_groups_id_seq; Type: SEQUENCE OWNED BY; Schema: public; Owner: postgres
--

ALTER SEQUENCE auth_user_groups_id_seq OWNED BY auth_user_groups.id;


--
-- Name: auth_user_id_seq; Type: SEQUENCE; Schema: public; Owner: postgres
--

CREATE SEQUENCE auth_user_id_seq
    START WITH 1
    INCREMENT BY 1
    NO MINVALUE
    NO MAXVALUE
    CACHE 1;


ALTER TABLE auth_user_id_seq OWNER TO postgres;

--
-- Name: auth_user_id_seq; Type: SEQUENCE OWNED BY; Schema: public; Owner: postgres
--

ALTER SEQUENCE auth_user_id_seq OWNED BY auth_user.id;


--
-- Name: auth_user_user_permissions; Type: TABLE; Schema: public; Owner: postgres
--

CREATE TABLE auth_user_user_permissions (
    id integer NOT NULL,
    user_id integer NOT NULL,
    permission_id integer NOT NULL
);


ALTER TABLE auth_user_user_permissions OWNER TO postgres;

--
-- Name: auth_user_user_permissions_id_seq; Type: SEQUENCE; Schema: public; Owner: postgres
--

CREATE SEQUENCE auth_user_user_permissions_id_seq
    START WITH 1
    INCREMENT BY 1
    NO MINVALUE
    NO MAXVALUE
    CACHE 1;


ALTER TABLE auth_user_user_permissions_id_seq OWNER TO postgres;

--
-- Name: auth_user_user_permissions_id_seq; Type: SEQUENCE OWNED BY; Schema: public; Owner: postgres
--

ALTER SEQUENCE auth_user_user_permissions_id_seq OWNED BY auth_user_user_permissions.id;


--
-- Name: django_admin_log; Type: TABLE; Schema: public; Owner: postgres
--

CREATE TABLE django_admin_log (
    id integer NOT NULL,
    action_time timestamp with time zone NOT NULL,
    object_id text,
    object_repr character varying(200) NOT NULL,
    action_flag smallint NOT NULL,
    change_message text NOT NULL,
    content_type_id integer,
    user_id integer NOT NULL,
    CONSTRAINT django_admin_log_action_flag_check CHECK ((action_flag >= 0))
);


ALTER TABLE django_admin_log OWNER TO postgres;

--
-- Name: django_admin_log_id_seq; Type: SEQUENCE; Schema: public; Owner: postgres
--

CREATE SEQUENCE django_admin_log_id_seq
    START WITH 1
    INCREMENT BY 1
    NO MINVALUE
    NO MAXVALUE
    CACHE 1;


ALTER TABLE django_admin_log_id_seq OWNER TO postgres;

--
-- Name: django_admin_log_id_seq; Type: SEQUENCE OWNED BY; Schema: public; Owner: postgres
--

ALTER SEQUENCE django_admin_log_id_seq OWNED BY django_admin_log.id;


--
-- Name: django_content_type; Type: TABLE; Schema: public; Owner: postgres
--

CREATE TABLE django_content_type (
    id integer NOT NULL,
    app_label character varying(100) NOT NULL,
    model character varying(100) NOT NULL
);


ALTER TABLE django_content_type OWNER TO postgres;

--
-- Name: django_content_type_id_seq; Type: SEQUENCE; Schema: public; Owner: postgres
--

CREATE SEQUENCE django_content_type_id_seq
    START WITH 1
    INCREMENT BY 1
    NO MINVALUE
    NO MAXVALUE
    CACHE 1;


ALTER TABLE django_content_type_id_seq OWNER TO postgres;

--
-- Name: django_content_type_id_seq; Type: SEQUENCE OWNED BY; Schema: public; Owner: postgres
--

ALTER SEQUENCE django_content_type_id_seq OWNED BY django_content_type.id;


--
-- Name: django_migrations; Type: TABLE; Schema: public; Owner: postgres
--

CREATE TABLE django_migrations (
    id integer NOT NULL,
    app character varying(255) NOT NULL,
    name character varying(255) NOT NULL,
    applied timestamp with time zone NOT NULL
);


ALTER TABLE django_migrations OWNER TO postgres;

--
-- Name: django_migrations_id_seq; Type: SEQUENCE; Schema: public; Owner: postgres
--

CREATE SEQUENCE django_migrations_id_seq
    START WITH 1
    INCREMENT BY 1
    NO MINVALUE
    NO MAXVALUE
    CACHE 1;


ALTER TABLE django_migrations_id_seq OWNER TO postgres;

--
-- Name: django_migrations_id_seq; Type: SEQUENCE OWNED BY; Schema: public; Owner: postgres
--

ALTER SEQUENCE django_migrations_id_seq OWNED BY django_migrations.id;


--
-- Name: django_session; Type: TABLE; Schema: public; Owner: postgres
--

CREATE TABLE django_session (
    session_key character varying(40) NOT NULL,
    session_data text NOT NULL,
    expire_date timestamp with time zone NOT NULL
);


ALTER TABLE django_session OWNER TO postgres;

--
-- Name: news_news; Type: TABLE; Schema: public; Owner: postgres
--

CREATE TABLE news_news (
    id integer NOT NULL,
    title character varying(200) NOT NULL,
    small_text character varying(200) NOT NULL,
    text text NOT NULL,
    published_date timestamp with time zone NOT NULL,
    file character varying(100),
    file_news character varying(100)
);


ALTER TABLE news_news OWNER TO postgres;

--
-- Name: news_news_id_seq; Type: SEQUENCE; Schema: public; Owner: postgres
--

CREATE SEQUENCE news_news_id_seq
    START WITH 1
    INCREMENT BY 1
    NO MINVALUE
    NO MAXVALUE
    CACHE 1;


ALTER TABLE news_news_id_seq OWNER TO postgres;

--
-- Name: news_news_id_seq; Type: SEQUENCE OWNED BY; Schema: public; Owner: postgres
--

ALTER SEQUENCE news_news_id_seq OWNED BY news_news.id;


--
-- Name: page_menu; Type: TABLE; Schema: public; Owner: postgres
--

CREATE TABLE page_menu (
    id integer NOT NULL,
    title character varying(255) NOT NULL,
    template integer NOT NULL,
    slug character varying(50) NOT NULL
);


ALTER TABLE page_menu OWNER TO postgres;

--
-- Name: page_menu_id_seq; Type: SEQUENCE; Schema: public; Owner: postgres
--

CREATE SEQUENCE page_menu_id_seq
    START WITH 1
    INCREMENT BY 1
    NO MINVALUE
    NO MAXVALUE
    CACHE 1;


ALTER TABLE page_menu_id_seq OWNER TO postgres;

--
-- Name: page_menu_id_seq; Type: SEQUENCE OWNED BY; Schema: public; Owner: postgres
--

ALTER SEQUENCE page_menu_id_seq OWNED BY page_menu.id;


--
-- Name: page_menusection; Type: TABLE; Schema: public; Owner: postgres
--

CREATE TABLE page_menusection (
    id integer NOT NULL,
    title character varying(255) NOT NULL,
    my_order integer NOT NULL,
    lft integer NOT NULL,
    rght integer NOT NULL,
    tree_id integer NOT NULL,
    level integer NOT NULL,
    menu_id integer NOT NULL,
    page_id integer NOT NULL,
    parent_id integer,
    CONSTRAINT page_menusection_level_check CHECK ((level >= 0)),
    CONSTRAINT page_menusection_lft_check CHECK ((lft >= 0)),
    CONSTRAINT page_menusection_my_order_check CHECK ((my_order >= 0)),
    CONSTRAINT page_menusection_rght_check CHECK ((rght >= 0)),
    CONSTRAINT page_menusection_tree_id_check CHECK ((tree_id >= 0))
);


ALTER TABLE page_menusection OWNER TO postgres;

--
-- Name: page_menusection_id_seq; Type: SEQUENCE; Schema: public; Owner: postgres
--

CREATE SEQUENCE page_menusection_id_seq
    START WITH 1
    INCREMENT BY 1
    NO MINVALUE
    NO MAXVALUE
    CACHE 1;


ALTER TABLE page_menusection_id_seq OWNER TO postgres;

--
-- Name: page_menusection_id_seq; Type: SEQUENCE OWNED BY; Schema: public; Owner: postgres
--

ALTER SEQUENCE page_menusection_id_seq OWNED BY page_menusection.id;


--
-- Name: page_page; Type: TABLE; Schema: public; Owner: postgres
--

CREATE TABLE page_page (
    id integer NOT NULL,
    created_date timestamp with time zone NOT NULL,
    edited_date timestamp with time zone,
    in_menus boolean NOT NULL,
    title character varying(1000) NOT NULL,
    meta_description character varying(1000) NOT NULL,
    meta_keywords character varying(1000) NOT NULL,
    menu_title character varying(255),
    slug character varying(50) NOT NULL,
    login_required boolean NOT NULL,
    content text NOT NULL,
    page_type integer NOT NULL,
    redirect_url character varying(1000) NOT NULL,
    application character varying(255) NOT NULL,
    lft integer NOT NULL,
    rght integer NOT NULL,
    tree_id integer NOT NULL,
    level integer NOT NULL,
    parent_id integer,
    CONSTRAINT page_page_level_check CHECK ((level >= 0)),
    CONSTRAINT page_page_lft_check CHECK ((lft >= 0)),
    CONSTRAINT page_page_rght_check CHECK ((rght >= 0)),
    CONSTRAINT page_page_tree_id_check CHECK ((tree_id >= 0))
);


ALTER TABLE page_page OWNER TO postgres;

--
-- Name: page_page_id_seq; Type: SEQUENCE; Schema: public; Owner: postgres
--

CREATE SEQUENCE page_page_id_seq
    START WITH 1
    INCREMENT BY 1
    NO MINVALUE
    NO MAXVALUE
    CACHE 1;


ALTER TABLE page_page_id_seq OWNER TO postgres;

--
-- Name: page_page_id_seq; Type: SEQUENCE OWNED BY; Schema: public; Owner: postgres
--

ALTER SEQUENCE page_page_id_seq OWNED BY page_page.id;


--
-- Name: page_placeholder; Type: TABLE; Schema: public; Owner: postgres
--

CREATE TABLE page_placeholder (
    id integer NOT NULL,
    title character varying(255) NOT NULL
);


ALTER TABLE page_placeholder OWNER TO postgres;

--
-- Name: page_placeholder_id_seq; Type: SEQUENCE; Schema: public; Owner: postgres
--

CREATE SEQUENCE page_placeholder_id_seq
    START WITH 1
    INCREMENT BY 1
    NO MINVALUE
    NO MAXVALUE
    CACHE 1;


ALTER TABLE page_placeholder_id_seq OWNER TO postgres;

--
-- Name: page_placeholder_id_seq; Type: SEQUENCE OWNED BY; Schema: public; Owner: postgres
--

ALTER SEQUENCE page_placeholder_id_seq OWNED BY page_placeholder.id;


--
-- Name: page_setting; Type: TABLE; Schema: public; Owner: postgres
--

CREATE TABLE page_setting (
    id integer NOT NULL,
    back_image character varying(100) NOT NULL,
    phone1 character varying(200) NOT NULL,
    email1 character varying(254) NOT NULL,
    maindres character varying(200) NOT NULL,
    vk_link character varying(200) NOT NULL,
    fb_link character varying(200) NOT NULL
);


ALTER TABLE page_setting OWNER TO postgres;

--
-- Name: page_setting_id_seq; Type: SEQUENCE; Schema: public; Owner: postgres
--

CREATE SEQUENCE page_setting_id_seq
    START WITH 1
    INCREMENT BY 1
    NO MINVALUE
    NO MAXVALUE
    CACHE 1;


ALTER TABLE page_setting_id_seq OWNER TO postgres;

--
-- Name: page_setting_id_seq; Type: SEQUENCE OWNED BY; Schema: public; Owner: postgres
--

ALTER SEQUENCE page_setting_id_seq OWNED BY page_setting.id;


--
-- Name: registration_registrationprofile; Type: TABLE; Schema: public; Owner: postgres
--

CREATE TABLE registration_registrationprofile (
    id integer NOT NULL,
    activation_key character varying(40) NOT NULL,
    user_id integer NOT NULL
);


ALTER TABLE registration_registrationprofile OWNER TO postgres;

--
-- Name: registration_registrationprofile_id_seq; Type: SEQUENCE; Schema: public; Owner: postgres
--

CREATE SEQUENCE registration_registrationprofile_id_seq
    START WITH 1
    INCREMENT BY 1
    NO MINVALUE
    NO MAXVALUE
    CACHE 1;


ALTER TABLE registration_registrationprofile_id_seq OWNER TO postgres;

--
-- Name: registration_registrationprofile_id_seq; Type: SEQUENCE OWNED BY; Schema: public; Owner: postgres
--

ALTER SEQUENCE registration_registrationprofile_id_seq OWNED BY registration_registrationprofile.id;


--
-- Name: shop_brands; Type: TABLE; Schema: public; Owner: postgres
--

CREATE TABLE shop_brands (
    id integer NOT NULL,
    title character varying(255) NOT NULL,
    file character varying(100) NOT NULL
);


ALTER TABLE shop_brands OWNER TO postgres;

--
-- Name: shop_brands_id_seq; Type: SEQUENCE; Schema: public; Owner: postgres
--

CREATE SEQUENCE shop_brands_id_seq
    START WITH 1
    INCREMENT BY 1
    NO MINVALUE
    NO MAXVALUE
    CACHE 1;


ALTER TABLE shop_brands_id_seq OWNER TO postgres;

--
-- Name: shop_brands_id_seq; Type: SEQUENCE OWNED BY; Schema: public; Owner: postgres
--

ALTER SEQUENCE shop_brands_id_seq OWNED BY shop_brands.id;


--
-- Name: shop_category; Type: TABLE; Schema: public; Owner: postgres
--

CREATE TABLE shop_category (
    id integer NOT NULL,
    created_date timestamp with time zone NOT NULL,
    edited_date timestamp with time zone,
    title character varying(1000) NOT NULL,
    meta_description character varying(1000) NOT NULL,
    meta_keywords character varying(1000) NOT NULL,
    slug character varying(50) NOT NULL,
    file character varying(100) NOT NULL,
    content text NOT NULL,
    num integer NOT NULL,
    new_flag boolean NOT NULL,
    lft integer NOT NULL,
    rght integer NOT NULL,
    tree_id integer NOT NULL,
    level integer NOT NULL,
    parent_id integer,
    CONSTRAINT shop_category_level_check CHECK ((level >= 0)),
    CONSTRAINT shop_category_lft_check CHECK ((lft >= 0)),
    CONSTRAINT shop_category_rght_check CHECK ((rght >= 0)),
    CONSTRAINT shop_category_tree_id_check CHECK ((tree_id >= 0))
);


ALTER TABLE shop_category OWNER TO postgres;

--
-- Name: shop_category_id_seq; Type: SEQUENCE; Schema: public; Owner: postgres
--

CREATE SEQUENCE shop_category_id_seq
    START WITH 1
    INCREMENT BY 1
    NO MINVALUE
    NO MAXVALUE
    CACHE 1;


ALTER TABLE shop_category_id_seq OWNER TO postgres;

--
-- Name: shop_category_id_seq; Type: SEQUENCE OWNED BY; Schema: public; Owner: postgres
--

ALTER SEQUENCE shop_category_id_seq OWNED BY shop_category.id;


--
-- Name: shop_item; Type: TABLE; Schema: public; Owner: postgres
--

CREATE TABLE shop_item (
    id integer NOT NULL,
    created_date timestamp with time zone NOT NULL,
    edited_date timestamp with time zone,
    title character varying(1000) NOT NULL,
    meta_description character varying(1000) NOT NULL,
    meta_keywords character varying(1000) NOT NULL,
    slug character varying(50) NOT NULL,
    file character varying(100) NOT NULL,
    content_small character varying(800) NOT NULL,
    content text NOT NULL,
    status boolean NOT NULL,
    offer boolean NOT NULL,
    num integer NOT NULL,
    price_1 numeric(10,2),
    brand_id integer,
    in_stock integer NOT NULL
);


ALTER TABLE shop_item OWNER TO postgres;

--
-- Name: shop_item_category; Type: TABLE; Schema: public; Owner: postgres
--

CREATE TABLE shop_item_category (
    id integer NOT NULL,
    item_id integer NOT NULL,
    category_id integer NOT NULL
);


ALTER TABLE shop_item_category OWNER TO postgres;

--
-- Name: shop_item_category_id_seq; Type: SEQUENCE; Schema: public; Owner: postgres
--

CREATE SEQUENCE shop_item_category_id_seq
    START WITH 1
    INCREMENT BY 1
    NO MINVALUE
    NO MAXVALUE
    CACHE 1;


ALTER TABLE shop_item_category_id_seq OWNER TO postgres;

--
-- Name: shop_item_category_id_seq; Type: SEQUENCE OWNED BY; Schema: public; Owner: postgres
--

ALTER SEQUENCE shop_item_category_id_seq OWNED BY shop_item_category.id;


--
-- Name: shop_item_id_seq; Type: SEQUENCE; Schema: public; Owner: postgres
--

CREATE SEQUENCE shop_item_id_seq
    START WITH 1
    INCREMENT BY 1
    NO MINVALUE
    NO MAXVALUE
    CACHE 1;


ALTER TABLE shop_item_id_seq OWNER TO postgres;

--
-- Name: shop_item_id_seq; Type: SEQUENCE OWNED BY; Schema: public; Owner: postgres
--

ALTER SEQUENCE shop_item_id_seq OWNED BY shop_item.id;


--
-- Name: shop_item_image; Type: TABLE; Schema: public; Owner: postgres
--

CREATE TABLE shop_item_image (
    id integer NOT NULL,
    title character varying(1000) NOT NULL,
    file character varying(100) NOT NULL,
    num integer NOT NULL,
    item_variation_id integer NOT NULL
);


ALTER TABLE shop_item_image OWNER TO postgres;

--
-- Name: shop_item_image_id_seq; Type: SEQUENCE; Schema: public; Owner: postgres
--

CREATE SEQUENCE shop_item_image_id_seq
    START WITH 1
    INCREMENT BY 1
    NO MINVALUE
    NO MAXVALUE
    CACHE 1;


ALTER TABLE shop_item_image_id_seq OWNER TO postgres;

--
-- Name: shop_item_image_id_seq; Type: SEQUENCE OWNED BY; Schema: public; Owner: postgres
--

ALTER SEQUENCE shop_item_image_id_seq OWNED BY shop_item_image.id;


--
-- Name: shop_order; Type: TABLE; Schema: public; Owner: postgres
--

CREATE TABLE shop_order (
    id integer NOT NULL,
    created_date timestamp with time zone NOT NULL,
    edited_date timestamp with time zone,
    total_price numeric(10,2),
    email character varying(254) NOT NULL,
    address text NOT NULL,
    phone_number character varying(128) NOT NULL,
    customer_id integer NOT NULL,
    status_id integer
);


ALTER TABLE shop_order OWNER TO postgres;

--
-- Name: shop_order_id_seq; Type: SEQUENCE; Schema: public; Owner: postgres
--

CREATE SEQUENCE shop_order_id_seq
    START WITH 1
    INCREMENT BY 1
    NO MINVALUE
    NO MAXVALUE
    CACHE 1;


ALTER TABLE shop_order_id_seq OWNER TO postgres;

--
-- Name: shop_order_id_seq; Type: SEQUENCE OWNED BY; Schema: public; Owner: postgres
--

ALTER SEQUENCE shop_order_id_seq OWNED BY shop_order.id;


--
-- Name: shop_orderitem; Type: TABLE; Schema: public; Owner: postgres
--

CREATE TABLE shop_orderitem (
    id integer NOT NULL,
    created_date timestamp with time zone NOT NULL,
    edited_date timestamp with time zone,
    title character varying(255) NOT NULL,
    cols integer NOT NULL,
    price numeric(10,2),
    item_id integer,
    order_id integer NOT NULL
);


ALTER TABLE shop_orderitem OWNER TO postgres;

--
-- Name: shop_orderitem_id_seq; Type: SEQUENCE; Schema: public; Owner: postgres
--

CREATE SEQUENCE shop_orderitem_id_seq
    START WITH 1
    INCREMENT BY 1
    NO MINVALUE
    NO MAXVALUE
    CACHE 1;


ALTER TABLE shop_orderitem_id_seq OWNER TO postgres;

--
-- Name: shop_orderitem_id_seq; Type: SEQUENCE OWNED BY; Schema: public; Owner: postgres
--

ALTER SEQUENCE shop_orderitem_id_seq OWNED BY shop_orderitem.id;


--
-- Name: shop_status; Type: TABLE; Schema: public; Owner: postgres
--

CREATE TABLE shop_status (
    id integer NOT NULL,
    title character varying(255) NOT NULL,
    num integer NOT NULL,
    default_status boolean NOT NULL
);


ALTER TABLE shop_status OWNER TO postgres;

--
-- Name: shop_status_id_seq; Type: SEQUENCE; Schema: public; Owner: postgres
--

CREATE SEQUENCE shop_status_id_seq
    START WITH 1
    INCREMENT BY 1
    NO MINVALUE
    NO MAXVALUE
    CACHE 1;


ALTER TABLE shop_status_id_seq OWNER TO postgres;

--
-- Name: shop_status_id_seq; Type: SEQUENCE OWNED BY; Schema: public; Owner: postgres
--

ALTER SEQUENCE shop_status_id_seq OWNED BY shop_status.id;


--
-- Name: shop_userprofile; Type: TABLE; Schema: public; Owner: postgres
--

CREATE TABLE shop_userprofile (
    id integer NOT NULL,
    name character varying(1000) NOT NULL,
    phone character varying(1000) NOT NULL,
    adres character varying(1000) NOT NULL,
    user_id integer NOT NULL
);


ALTER TABLE shop_userprofile OWNER TO postgres;

--
-- Name: shop_userprofile_id_seq; Type: SEQUENCE; Schema: public; Owner: postgres
--

CREATE SEQUENCE shop_userprofile_id_seq
    START WITH 1
    INCREMENT BY 1
    NO MINVALUE
    NO MAXVALUE
    CACHE 1;


ALTER TABLE shop_userprofile_id_seq OWNER TO postgres;

--
-- Name: shop_userprofile_id_seq; Type: SEQUENCE OWNED BY; Schema: public; Owner: postgres
--

ALTER SEQUENCE shop_userprofile_id_seq OWNED BY shop_userprofile.id;


--
-- Name: taggit_tag; Type: TABLE; Schema: public; Owner: postgres
--

CREATE TABLE taggit_tag (
    id integer NOT NULL,
    name character varying(100) NOT NULL,
    slug character varying(100) NOT NULL
);


ALTER TABLE taggit_tag OWNER TO postgres;

--
-- Name: taggit_tag_id_seq; Type: SEQUENCE; Schema: public; Owner: postgres
--

CREATE SEQUENCE taggit_tag_id_seq
    START WITH 1
    INCREMENT BY 1
    NO MINVALUE
    NO MAXVALUE
    CACHE 1;


ALTER TABLE taggit_tag_id_seq OWNER TO postgres;

--
-- Name: taggit_tag_id_seq; Type: SEQUENCE OWNED BY; Schema: public; Owner: postgres
--

ALTER SEQUENCE taggit_tag_id_seq OWNED BY taggit_tag.id;


--
-- Name: taggit_taggeditem; Type: TABLE; Schema: public; Owner: postgres
--

CREATE TABLE taggit_taggeditem (
    id integer NOT NULL,
    object_id integer NOT NULL,
    content_type_id integer NOT NULL,
    tag_id integer NOT NULL
);


ALTER TABLE taggit_taggeditem OWNER TO postgres;

--
-- Name: taggit_taggeditem_id_seq; Type: SEQUENCE; Schema: public; Owner: postgres
--

CREATE SEQUENCE taggit_taggeditem_id_seq
    START WITH 1
    INCREMENT BY 1
    NO MINVALUE
    NO MAXVALUE
    CACHE 1;


ALTER TABLE taggit_taggeditem_id_seq OWNER TO postgres;

--
-- Name: taggit_taggeditem_id_seq; Type: SEQUENCE OWNED BY; Schema: public; Owner: postgres
--

ALTER SEQUENCE taggit_taggeditem_id_seq OWNED BY taggit_taggeditem.id;


--
-- Name: thumbnail_kvstore; Type: TABLE; Schema: public; Owner: postgres
--

CREATE TABLE thumbnail_kvstore (
    key character varying(200) NOT NULL,
    value text NOT NULL
);


ALTER TABLE thumbnail_kvstore OWNER TO postgres;

--
-- Name: user_profile_userprofile; Type: TABLE; Schema: public; Owner: postgres
--

CREATE TABLE user_profile_userprofile (
    id integer NOT NULL,
    city character varying(100) NOT NULL,
    user_id integer NOT NULL
);


ALTER TABLE user_profile_userprofile OWNER TO postgres;

--
-- Name: user_profile_userprofile_id_seq; Type: SEQUENCE; Schema: public; Owner: postgres
--

CREATE SEQUENCE user_profile_userprofile_id_seq
    START WITH 1
    INCREMENT BY 1
    NO MINVALUE
    NO MAXVALUE
    CACHE 1;


ALTER TABLE user_profile_userprofile_id_seq OWNER TO postgres;

--
-- Name: user_profile_userprofile_id_seq; Type: SEQUENCE OWNED BY; Schema: public; Owner: postgres
--

ALTER SEQUENCE user_profile_userprofile_id_seq OWNED BY user_profile_userprofile.id;


--
-- Name: video_gallery_video; Type: TABLE; Schema: public; Owner: postgres
--

CREATE TABLE video_gallery_video (
    id integer NOT NULL,
    title character varying(1000) NOT NULL,
    youtube_url character varying(200) NOT NULL,
    num integer NOT NULL
);


ALTER TABLE video_gallery_video OWNER TO postgres;

--
-- Name: video_gallery_item_id_seq; Type: SEQUENCE; Schema: public; Owner: postgres
--

CREATE SEQUENCE video_gallery_item_id_seq
    START WITH 1
    INCREMENT BY 1
    NO MINVALUE
    NO MAXVALUE
    CACHE 1;


ALTER TABLE video_gallery_item_id_seq OWNER TO postgres;

--
-- Name: video_gallery_item_id_seq; Type: SEQUENCE OWNED BY; Schema: public; Owner: postgres
--

ALTER SEQUENCE video_gallery_item_id_seq OWNED BY video_gallery_video.id;


--
-- Name: auth_group id; Type: DEFAULT; Schema: public; Owner: postgres
--

ALTER TABLE ONLY auth_group ALTER COLUMN id SET DEFAULT nextval('auth_group_id_seq'::regclass);


--
-- Name: auth_group_permissions id; Type: DEFAULT; Schema: public; Owner: postgres
--

ALTER TABLE ONLY auth_group_permissions ALTER COLUMN id SET DEFAULT nextval('auth_group_permissions_id_seq'::regclass);


--
-- Name: auth_permission id; Type: DEFAULT; Schema: public; Owner: postgres
--

ALTER TABLE ONLY auth_permission ALTER COLUMN id SET DEFAULT nextval('auth_permission_id_seq'::regclass);


--
-- Name: auth_user id; Type: DEFAULT; Schema: public; Owner: postgres
--

ALTER TABLE ONLY auth_user ALTER COLUMN id SET DEFAULT nextval('auth_user_id_seq'::regclass);


--
-- Name: auth_user_groups id; Type: DEFAULT; Schema: public; Owner: postgres
--

ALTER TABLE ONLY auth_user_groups ALTER COLUMN id SET DEFAULT nextval('auth_user_groups_id_seq'::regclass);


--
-- Name: auth_user_user_permissions id; Type: DEFAULT; Schema: public; Owner: postgres
--

ALTER TABLE ONLY auth_user_user_permissions ALTER COLUMN id SET DEFAULT nextval('auth_user_user_permissions_id_seq'::regclass);


--
-- Name: django_admin_log id; Type: DEFAULT; Schema: public; Owner: postgres
--

ALTER TABLE ONLY django_admin_log ALTER COLUMN id SET DEFAULT nextval('django_admin_log_id_seq'::regclass);


--
-- Name: django_content_type id; Type: DEFAULT; Schema: public; Owner: postgres
--

ALTER TABLE ONLY django_content_type ALTER COLUMN id SET DEFAULT nextval('django_content_type_id_seq'::regclass);


--
-- Name: django_migrations id; Type: DEFAULT; Schema: public; Owner: postgres
--

ALTER TABLE ONLY django_migrations ALTER COLUMN id SET DEFAULT nextval('django_migrations_id_seq'::regclass);


--
-- Name: news_news id; Type: DEFAULT; Schema: public; Owner: postgres
--

ALTER TABLE ONLY news_news ALTER COLUMN id SET DEFAULT nextval('news_news_id_seq'::regclass);


--
-- Name: page_menu id; Type: DEFAULT; Schema: public; Owner: postgres
--

ALTER TABLE ONLY page_menu ALTER COLUMN id SET DEFAULT nextval('page_menu_id_seq'::regclass);


--
-- Name: page_menusection id; Type: DEFAULT; Schema: public; Owner: postgres
--

ALTER TABLE ONLY page_menusection ALTER COLUMN id SET DEFAULT nextval('page_menusection_id_seq'::regclass);


--
-- Name: page_page id; Type: DEFAULT; Schema: public; Owner: postgres
--

ALTER TABLE ONLY page_page ALTER COLUMN id SET DEFAULT nextval('page_page_id_seq'::regclass);


--
-- Name: page_placeholder id; Type: DEFAULT; Schema: public; Owner: postgres
--

ALTER TABLE ONLY page_placeholder ALTER COLUMN id SET DEFAULT nextval('page_placeholder_id_seq'::regclass);


--
-- Name: page_setting id; Type: DEFAULT; Schema: public; Owner: postgres
--

ALTER TABLE ONLY page_setting ALTER COLUMN id SET DEFAULT nextval('page_setting_id_seq'::regclass);


--
-- Name: registration_registrationprofile id; Type: DEFAULT; Schema: public; Owner: postgres
--

ALTER TABLE ONLY registration_registrationprofile ALTER COLUMN id SET DEFAULT nextval('registration_registrationprofile_id_seq'::regclass);


--
-- Name: shop_brands id; Type: DEFAULT; Schema: public; Owner: postgres
--

ALTER TABLE ONLY shop_brands ALTER COLUMN id SET DEFAULT nextval('shop_brands_id_seq'::regclass);


--
-- Name: shop_category id; Type: DEFAULT; Schema: public; Owner: postgres
--

ALTER TABLE ONLY shop_category ALTER COLUMN id SET DEFAULT nextval('shop_category_id_seq'::regclass);


--
-- Name: shop_item id; Type: DEFAULT; Schema: public; Owner: postgres
--

ALTER TABLE ONLY shop_item ALTER COLUMN id SET DEFAULT nextval('shop_item_id_seq'::regclass);


--
-- Name: shop_item_category id; Type: DEFAULT; Schema: public; Owner: postgres
--

ALTER TABLE ONLY shop_item_category ALTER COLUMN id SET DEFAULT nextval('shop_item_category_id_seq'::regclass);


--
-- Name: shop_item_image id; Type: DEFAULT; Schema: public; Owner: postgres
--

ALTER TABLE ONLY shop_item_image ALTER COLUMN id SET DEFAULT nextval('shop_item_image_id_seq'::regclass);


--
-- Name: shop_order id; Type: DEFAULT; Schema: public; Owner: postgres
--

ALTER TABLE ONLY shop_order ALTER COLUMN id SET DEFAULT nextval('shop_order_id_seq'::regclass);


--
-- Name: shop_orderitem id; Type: DEFAULT; Schema: public; Owner: postgres
--

ALTER TABLE ONLY shop_orderitem ALTER COLUMN id SET DEFAULT nextval('shop_orderitem_id_seq'::regclass);


--
-- Name: shop_status id; Type: DEFAULT; Schema: public; Owner: postgres
--

ALTER TABLE ONLY shop_status ALTER COLUMN id SET DEFAULT nextval('shop_status_id_seq'::regclass);


--
-- Name: shop_userprofile id; Type: DEFAULT; Schema: public; Owner: postgres
--

ALTER TABLE ONLY shop_userprofile ALTER COLUMN id SET DEFAULT nextval('shop_userprofile_id_seq'::regclass);


--
-- Name: taggit_tag id; Type: DEFAULT; Schema: public; Owner: postgres
--

ALTER TABLE ONLY taggit_tag ALTER COLUMN id SET DEFAULT nextval('taggit_tag_id_seq'::regclass);


--
-- Name: taggit_taggeditem id; Type: DEFAULT; Schema: public; Owner: postgres
--

ALTER TABLE ONLY taggit_taggeditem ALTER COLUMN id SET DEFAULT nextval('taggit_taggeditem_id_seq'::regclass);


--
-- Name: user_profile_userprofile id; Type: DEFAULT; Schema: public; Owner: postgres
--

ALTER TABLE ONLY user_profile_userprofile ALTER COLUMN id SET DEFAULT nextval('user_profile_userprofile_id_seq'::regclass);


--
-- Name: video_gallery_video id; Type: DEFAULT; Schema: public; Owner: postgres
--

ALTER TABLE ONLY video_gallery_video ALTER COLUMN id SET DEFAULT nextval('video_gallery_item_id_seq'::regclass);


--
-- Data for Name: auth_group; Type: TABLE DATA; Schema: public; Owner: postgres
--

COPY auth_group (id, name) FROM stdin;
\.


--
-- Name: auth_group_id_seq; Type: SEQUENCE SET; Schema: public; Owner: postgres
--

SELECT pg_catalog.setval('auth_group_id_seq', 1, false);


--
-- Data for Name: auth_group_permissions; Type: TABLE DATA; Schema: public; Owner: postgres
--

COPY auth_group_permissions (id, group_id, permission_id) FROM stdin;
\.


--
-- Name: auth_group_permissions_id_seq; Type: SEQUENCE SET; Schema: public; Owner: postgres
--

SELECT pg_catalog.setval('auth_group_permissions_id_seq', 1, false);


--
-- Data for Name: auth_permission; Type: TABLE DATA; Schema: public; Owner: postgres
--

COPY auth_permission (id, name, content_type_id, codename) FROM stdin;
1	Can add content type	1	add_contenttype
2	Can change content type	1	change_contenttype
3	Can delete content type	1	delete_contenttype
4	Can add log entry	2	add_logentry
5	Can change log entry	2	change_logentry
6	Can delete log entry	2	delete_logentry
7	Can add permission	3	add_permission
8	Can change permission	3	change_permission
9	Can delete permission	3	delete_permission
10	Can add user	4	add_user
11	Can change user	4	change_user
12	Can delete user	4	delete_user
13	Can add group	5	add_group
14	Can change group	5	change_group
15	Can delete group	5	delete_group
16	Can add session	6	add_session
17	Can change session	6	change_session
18	Can delete session	6	delete_session
19	Can add Tagged Item	7	add_taggeditem
20	Can change Tagged Item	7	change_taggeditem
21	Can delete Tagged Item	7	delete_taggeditem
22	Can add Tag	8	add_tag
23	Can change Tag	8	change_tag
24	Can delete Tag	8	delete_tag
25	Can add kv store	9	add_kvstore
26	Can change kv store	9	change_kvstore
27	Can delete kv store	9	delete_kvstore
31	Can add placeholder	11	add_placeholder
32	Can change placeholder	11	change_placeholder
33	Can delete placeholder	11	delete_placeholder
34	Can add Настройка	12	add_setting
35	Can change Настройка	12	change_setting
36	Can delete Настройка	12	delete_setting
37	Can add Страница	13	add_page
38	Can change Страница	13	change_page
39	Can delete Страница	13	delete_page
43	Can add Раздел	15	add_menusection
44	Can change Раздел	15	change_menusection
45	Can delete Раздел	15	delete_menusection
49	Can add Меню	17	add_menu
50	Can change Меню	17	change_menu
51	Can delete Меню	17	delete_menu
52	Can add Новость	18	add_news
53	Can change Новость	18	change_news
54	Can delete Новость	18	delete_news
55	Can add Категория	19	add_category
56	Can change Категория	19	change_category
57	Can delete Категория	19	delete_category
58	Can add Профиль пользователя	20	add_userprofile
59	Can change Профиль пользователя	20	change_userprofile
60	Can delete Профиль пользователя	20	delete_userprofile
61	Can add Заказ	21	add_order
62	Can change Заказ	21	change_order
63	Can delete Заказ	21	delete_order
67	Can add Статус заказа	23	add_status
68	Can change Статус заказа	23	change_status
69	Can delete Статус заказа	23	delete_status
70	Can add Товар	24	add_item
71	Can change Товар	24	change_item
72	Can delete Товар	24	delete_item
73	Can add Изображение	25	add_item_image
74	Can change Изображение	25	change_item_image
75	Can delete Изображение	25	delete_item_image
76	Can add Товар заказа	26	add_orderitem
77	Can change Товар заказа	26	change_orderitem
78	Can delete Товар заказа	26	delete_orderitem
79	Can add user profile	27	add_userprofile
80	Can change user profile	27	change_userprofile
81	Can delete user profile	27	delete_userprofile
82	Can add registration profile	28	add_registrationprofile
83	Can change registration profile	28	change_registrationprofile
84	Can delete registration profile	28	delete_registrationprofile
85	Can add Бренд	29	add_brands
86	Can change Бренд	29	change_brands
87	Can delete Бренд	29	delete_brands
88	Can add Видеоролик	30	add_item
89	Can change Видеоролик	30	change_item
90	Can delete Видеоролик	30	delete_item
91	Can add Видеоролик	30	add_video
92	Can change Видеоролик	30	change_video
93	Can delete Видеоролик	30	delete_video
\.


--
-- Name: auth_permission_id_seq; Type: SEQUENCE SET; Schema: public; Owner: postgres
--

SELECT pg_catalog.setval('auth_permission_id_seq', 93, true);


--
-- Data for Name: auth_user; Type: TABLE DATA; Schema: public; Owner: postgres
--

COPY auth_user (id, password, last_login, is_superuser, username, first_name, last_name, email, is_staff, is_active, date_joined) FROM stdin;
2	pbkdf2_sha256$30000$Av8mIDJPIrOj$ospWJ/3p9tZLg1b3AEEs8WNAoL5mXTXWCgPcT7nLb1o=	2018-06-27 11:23:27.609993+00	f	Login1			ivan.tolkachev@gmail.com	f	t	2018-06-27 11:22:23+00
1	pbkdf2_sha256$30000$ouAneFWjtU9d$96hnX66llLcGny+SYsUsdEZGhsWKalAJdRXiZHpLLtg=	2018-07-13 09:47:24.20365+00	t	admin			iavn@tarc.ru	t	t	2018-06-13 12:54:46.920923+00
\.


--
-- Data for Name: auth_user_groups; Type: TABLE DATA; Schema: public; Owner: postgres
--

COPY auth_user_groups (id, user_id, group_id) FROM stdin;
\.


--
-- Name: auth_user_groups_id_seq; Type: SEQUENCE SET; Schema: public; Owner: postgres
--

SELECT pg_catalog.setval('auth_user_groups_id_seq', 1, false);


--
-- Name: auth_user_id_seq; Type: SEQUENCE SET; Schema: public; Owner: postgres
--

SELECT pg_catalog.setval('auth_user_id_seq', 2, true);


--
-- Data for Name: auth_user_user_permissions; Type: TABLE DATA; Schema: public; Owner: postgres
--

COPY auth_user_user_permissions (id, user_id, permission_id) FROM stdin;
\.


--
-- Name: auth_user_user_permissions_id_seq; Type: SEQUENCE SET; Schema: public; Owner: postgres
--

SELECT pg_catalog.setval('auth_user_user_permissions_id_seq', 1, false);


--
-- Data for Name: django_admin_log; Type: TABLE DATA; Schema: public; Owner: postgres
--

COPY django_admin_log (id, action_time, object_id, object_repr, action_flag, change_message, content_type_id, user_id) FROM stdin;
1	2018-06-13 13:23:17.907777+00	1	Главное меню	1	[{"added": {}}]	17	1
2	2018-06-13 13:25:49.525502+00	1	Главная	1	[{"added": {}}]	13	1
3	2018-06-14 08:28:42.464026+00	1	Новость1	1	[{"added": {}}]	18	1
4	2018-06-14 08:29:00.297631+00	2	Новость2	1	[{"added": {}}]	18	1
5	2018-06-14 08:38:49.769472+00	3	Новость3	1	[{"added": {}}]	18	1
6	2018-06-14 08:38:58.167328+00	4	Новость4	1	[{"added": {}}]	18	1
7	2018-06-14 08:39:09.857285+00	5	Новость5	1	[{"added": {}}]	18	1
8	2018-06-14 08:39:20.176116+00	6	Новость6	1	[{"added": {}}]	18	1
9	2018-06-15 12:14:00.431711+00	2	О компании	1	[{"added": {}}]	13	1
10	2018-06-15 12:15:34.856604+00	3	Доставка	1	[{"added": {}}]	13	1
11	2018-06-15 12:16:04.849329+00	4	Оплата	1	[{"added": {}}]	13	1
12	2018-06-15 12:16:53.554872+00	5	Контакты	1	[{"added": {}}]	13	1
13	2018-06-15 12:17:11.145614+00	5	Контакты	2	[{"changed": {"fields": ["menu_title", "slug"]}}]	13	1
14	2018-06-15 12:38:13.502047+00	2	О компании	2	[{"changed": {"fields": ["content"]}}]	13	1
15	2018-06-19 08:42:33.653963+00	1	Рыбалка и Туризм	1	[{"added": {}}]	19	1
16	2018-06-19 08:42:54.946354+00	2	Спорт	1	[{"added": {}}]	19	1
17	2018-06-19 08:58:34.108693+00	3	Аксессуары	1	[{"added": {}}]	19	1
18	2018-06-19 08:58:39.653362+00	4	блесны	1	[{"added": {}}]	19	1
19	2018-06-19 08:58:59.547563+00	5	воблеры	1	[{"added": {}}]	19	1
20	2018-06-19 08:59:47.952635+00	6	зима	1	[{"added": {}}]	19	1
21	2018-06-19 09:00:48.00479+00	7	карповые аксессуары	1	[{"added": {}}]	19	1
22	2018-06-19 09:01:00.915623+00	8	катушки	1	[{"added": {}}]	19	1
23	2018-06-19 09:01:15.761142+00	9	крючки, тройники	1	[{"added": {}}]	19	1
24	2018-06-19 09:01:31.13831+00	10	двойники	1	[{"added": {}}]	19	1
25	2018-06-19 09:02:13.828027+00	11	Аксессуары	1	[{"added": {}}]	19	1
26	2018-06-19 09:02:27.880751+00	12	ролики	1	[{"added": {}}]	19	1
27	2018-06-19 09:02:40.265729+00	13	самокаты	1	[{"added": {}}]	19	1
28	2018-06-19 09:02:56.122323+00	14	скандинавская ходьба , трекинговые палки	1	[{"added": {}}]	19	1
29	2018-06-19 09:03:09.587124+00	15	скейтборды, лонгборды, круизеры, пенниборды	1	[{"added": {}}]	19	1
30	2018-06-19 09:03:46.027145+00	16	Активный отдых	1	[{"added": {}}]	19	1
31	2018-06-19 09:04:50.15276+00	17	Единоборства	1	[{"added": {}}]	19	1
32	2018-06-19 09:05:08.071743+00	18	аксессуары	1	[{"added": {}}]	19	1
33	2018-06-19 09:05:27.080733+00	19	обувь	1	[{"added": {}}]	19	1
34	2018-06-19 09:05:47.32329+00	20	одежда	1	[{"added": {}}]	19	1
35	2018-06-19 09:06:56.512486+00	21	Плавание	1	[{"added": {}}]	19	1
36	2018-06-19 09:07:19.003439+00	22	аксессуары	1	[{"added": {}}]	19	1
37	2018-06-19 09:07:41.91797+00	23	очки, маски, трубки, ласты	1	[{"added": {}}]	19	1
38	2018-06-19 09:08:01.851684+00	24	Подводная охота	1	[{"added": {}}]	19	1
39	2018-06-19 09:08:20.200667+00	25	Спортивная обувь	1	[{"added": {}}]	19	1
40	2018-06-19 09:08:35.802395+00	26	Спортивные игры	1	[{"added": {}}]	19	1
41	2018-06-19 09:09:00.35811+00	27	Фитнес	1	[{"added": {}}]	19	1
42	2018-06-19 09:09:22.127159+00	28	Художественная гимнастика	1	[{"added": {}}]	19	1
43	2018-06-19 09:10:04.577609+00	3	Аксессуары , рыболовные ящики	2	[{"changed": {"fields": ["title"]}}]	19	1
44	2018-06-19 09:11:12.72881+00	9	крючки, тройники, двойники	2	[{"changed": {"fields": ["title"]}}]	19	1
45	2018-06-19 09:11:31.12821+00	10	двойники	3		19	1
46	2018-06-19 09:24:09.752511+00	3	Аксессуары , рыболовные ящики	2	[{"changed": {"fields": ["file"]}}]	19	1
47	2018-06-19 09:24:21.972881+00	4	блесны	2	[{"changed": {"fields": ["file", "content"]}}]	19	1
48	2018-06-19 09:24:32.432749+00	5	воблеры	2	[{"changed": {"fields": ["file"]}}]	19	1
49	2018-06-19 09:24:42.895821+00	6	зима	2	[{"changed": {"fields": ["file"]}}]	19	1
50	2018-06-19 09:24:51.208486+00	7	карповые аксессуары	2	[{"changed": {"fields": ["file"]}}]	19	1
51	2018-06-19 09:25:00.475627+00	8	катушки	2	[{"changed": {"fields": ["file"]}}]	19	1
52	2018-06-19 09:25:09.051421+00	9	крючки, тройники, двойники	2	[{"changed": {"fields": ["file"]}}]	19	1
53	2018-06-20 12:20:42.558893+00	3	Аксессуары, рыболовные ящики	2	[{"changed": {"fields": ["title"]}}]	19	1
54	2018-06-20 12:23:32.82433+00	9	Крючки, тройники, двойники	2	[{"changed": {"fields": ["title"]}}]	19	1
55	2018-06-20 12:23:38.013728+00	8	Катушки	2	[{"changed": {"fields": ["title"]}}]	19	1
56	2018-06-20 12:23:44.349797+00	7	Карповые аксессуары	2	[{"changed": {"fields": ["title"]}}]	19	1
57	2018-06-20 12:23:50.22585+00	6	Зима	2	[{"changed": {"fields": ["title"]}}]	19	1
58	2018-06-20 12:23:55.430184+00	5	Воблеры	2	[{"changed": {"fields": ["title"]}}]	19	1
59	2018-06-20 12:24:00.57479+00	4	Блесны	2	[{"changed": {"fields": ["title"]}}]	19	1
60	2018-06-20 13:01:07.84119+00	1	Катушка VIVA Carbon Light FD 820	1	[{"added": {}}, {"added": {"name": "\\u0418\\u0437\\u043e\\u0431\\u0440\\u0430\\u0436\\u0435\\u043d\\u0438\\u0435", "object": "/media/shop/ec9ff7abb97f11c8419955be30269ed4.jpg"}}, {"added": {"name": "\\u0418\\u0437\\u043e\\u0431\\u0440\\u0430\\u0436\\u0435\\u043d\\u0438\\u0435", "object": "/media/shop/16782262e1d47a18d8d7297476d9e956.jpg"}}, {"added": {"name": "\\u0418\\u0437\\u043e\\u0431\\u0440\\u0430\\u0436\\u0435\\u043d\\u0438\\u0435", "object": "/media/shop/bc2be7375ab6a18df7713a08e84a16d1.jpg"}}]	24	1
61	2018-06-20 13:30:17.262136+00	1	Катушка VIVA Carbon Light FD 820	2	[{"changed": {"fields": ["price_1"]}}]	24	1
62	2018-06-20 13:36:27.098926+00	2	Катушка VIVA Carbon Light FD 810	1	[{"added": {}}, {"added": {"name": "\\u0418\\u0437\\u043e\\u0431\\u0440\\u0430\\u0436\\u0435\\u043d\\u0438\\u0435", "object": "/media/shop/ec9ff7abb97f11c8419955be30269ed4_HqXqoOE.jpg"}}, {"added": {"name": "\\u0418\\u0437\\u043e\\u0431\\u0440\\u0430\\u0436\\u0435\\u043d\\u0438\\u0435", "object": "/media/shop/16782262e1d47a18d8d7297476d9e956_E2iJdmE.jpg"}}]	24	1
63	2018-06-21 10:39:08.719694+00	6	Поздравляем команду CAIMAN-OPTIMIST со вторым местом!	2	[{"changed": {"fields": ["title", "small_text"]}}]	18	1
64	2018-06-21 10:39:57.546612+00	5	Сегодня на склад поступили новинки!	2	[{"changed": {"fields": ["title", "small_text"]}}]	18	1
65	2018-06-21 11:16:37.796826+00	5	Сегодня на склад поступили новинки!	2	[{"changed": {"fields": ["text"]}}]	18	1
66	2018-06-21 11:37:56.579337+00	6	Поздравляем команду CAIMAN-OPTIMIST со вторым местом!	2	[{"changed": {"fields": ["file", "file_news"]}}]	18	1
67	2018-06-21 11:38:14.60429+00	5	Сегодня на склад поступили новинки!	2	[{"changed": {"fields": ["file", "file_news"]}}]	18	1
68	2018-06-22 09:26:47.423113+00	1	Brands object	1	[{"added": {}}]	29	1
69	2018-06-22 09:27:05.021373+00	2	Brands object	1	[{"added": {}}]	29	1
70	2018-06-25 10:16:13.257606+00	2	Катушка VIVA Carbon Light FD 810	2	[{"changed": {"fields": ["brand"]}}]	24	1
71	2018-06-25 10:16:20.621859+00	1	Катушка VIVA Carbon Light FD 820	2	[{"changed": {"fields": ["brand"]}}]	24	1
72	2018-06-25 11:46:44.311017+00	3	пывапваыпывп	1	[{"added": {}}]	24	1
73	2018-06-25 11:47:52.466219+00	3	пывапваыпывп	2	[{"added": {"name": "\\u0418\\u0437\\u043e\\u0431\\u0440\\u0430\\u0436\\u0435\\u043d\\u0438\\u0435", "object": "/media/shop/ec9ff7abb97f11c8419955be30269ed4_fg04bsU.jpg"}}]	24	1
74	2018-06-25 11:48:14.851561+00	3	пывапваыпывп	2	[]	24	1
75	2018-06-25 11:48:43.163225+00	3	пывапваыпывп	2	[]	24	1
76	2018-06-26 11:25:53.121473+00	3	пывапваыпывп	2	[{"changed": {"fields": ["offer"]}}]	24	1
77	2018-06-26 11:25:58.89722+00	2	Катушка VIVA Carbon Light FD 810	2	[]	24	1
78	2018-06-26 11:26:03.941951+00	1	Катушка VIVA Carbon Light FD 820	2	[]	24	1
79	2018-06-26 11:26:31.38457+00	4	fsdf	1	[{"added": {}}, {"added": {"name": "\\u0418\\u0437\\u043e\\u0431\\u0440\\u0430\\u0436\\u0435\\u043d\\u0438\\u0435", "object": "/media/shop/f9896e7bc9d9bfecb36dbef9eaffeb4c.jpg"}}]	24	1
80	2018-06-26 11:26:59.937187+00	5	rweqrwqer	1	[{"added": {}}, {"added": {"name": "\\u0418\\u0437\\u043e\\u0431\\u0440\\u0430\\u0436\\u0435\\u043d\\u0438\\u0435", "object": "/media/shop/55b72b3bdd941232708cfe41cae2bec1.jpg"}}]	24	1
81	2018-06-26 11:52:27.173606+00	5	rweqrwqer	2	[{"changed": {"fields": ["offer"]}}]	24	1
82	2018-06-26 12:00:49.132044+00	5	rweqrwqer	2	[{"changed": {"fields": ["offer"]}}]	24	1
83	2018-06-26 12:10:41.767987+00	5	rweqrwqer	2	[{"changed": {"fields": ["offer"]}}]	24	1
84	2018-06-26 15:13:59.48581+00	1	Силиконовые приманки. О брендах и съедобной резине.	1	[{"added": {}}]	30	1
85	2018-06-26 15:17:49.345558+00	1	Силиконовые приманки. О брендах и съедобной резине.	2	[]	30	1
86	2018-06-26 15:18:28.368297+00	2	Ремонт снастей или Клиника Доктора Зая.	1	[{"added": {}}]	30	1
87	2018-06-26 15:18:57.431466+00	3	Сом на квок. Мои снасти.	1	[{"added": {}}]	30	1
88	2018-06-26 15:57:35.225024+00	4	Щука в кувшинках	1	[{"added": {}}]	30	1
89	2018-06-26 15:57:35.233414+00	5	Щука в кувшинках	1	[{"added": {}}]	30	1
121	2018-06-27 11:23:22.849847+00	2	Login1	2	[{"changed": {"fields": ["is_active"]}}]	4	1
122	2018-06-27 14:05:42.338691+00	6	Поздравляем команду со вторым местом!	2	[{"changed": {"fields": ["title", "small_text"]}}]	18	1
123	2018-06-27 14:41:55.428369+00	4	Щука в кувшинках	3		30	1
124	2018-07-12 10:22:16.07452+00	36	Новая категория	2	[{"changed": {"fields": ["content"]}}]	19	1
125	2018-07-12 10:23:13.911098+00	36	Новая категория	2	[{"changed": {"fields": ["parent"]}}]	19	1
126	2018-07-12 10:26:03.878766+00	36	Новая категория	2	[]	19	1
127	2018-07-12 10:26:20.951549+00	36	Новая категория	2	[{"changed": {"fields": ["parent"]}}]	19	1
128	2018-07-12 10:29:07.942578+00	8	Катушки	3		19	1
\.


--
-- Name: django_admin_log_id_seq; Type: SEQUENCE SET; Schema: public; Owner: postgres
--

SELECT pg_catalog.setval('django_admin_log_id_seq', 128, true);


--
-- Data for Name: django_content_type; Type: TABLE DATA; Schema: public; Owner: postgres
--

COPY django_content_type (id, app_label, model) FROM stdin;
1	contenttypes	contenttype
2	admin	logentry
3	auth	permission
4	auth	user
5	auth	group
6	sessions	session
7	taggit	taggeditem
8	taggit	tag
9	thumbnail	kvstore
11	page	placeholder
12	page	setting
13	page	page
15	page	menusection
17	page	menu
18	news	news
19	shop	category
20	shop	userprofile
21	shop	order
23	shop	status
24	shop	item
25	shop	item_image
26	shop	orderitem
27	user_profile	userprofile
28	registration	registrationprofile
29	shop	brands
30	video_gallery	video
\.


--
-- Name: django_content_type_id_seq; Type: SEQUENCE SET; Schema: public; Owner: postgres
--

SELECT pg_catalog.setval('django_content_type_id_seq', 30, true);


--
-- Data for Name: django_migrations; Type: TABLE DATA; Schema: public; Owner: postgres
--

COPY django_migrations (id, app, name, applied) FROM stdin;
1	contenttypes	0001_initial	2018-06-13 12:53:49.690092+00
2	auth	0001_initial	2018-06-13 12:53:50.586263+00
3	admin	0001_initial	2018-06-13 12:53:50.81672+00
4	admin	0002_logentry_remove_auto_add	2018-06-13 12:53:50.916029+00
5	contenttypes	0002_remove_content_type_name	2018-06-13 12:53:50.955831+00
6	auth	0002_alter_permission_name_max_length	2018-06-13 12:53:50.985455+00
7	auth	0003_alter_user_email_max_length	2018-06-13 12:53:51.035908+00
8	auth	0004_alter_user_username_opts	2018-06-13 12:53:51.055817+00
9	auth	0005_alter_user_last_login_null	2018-06-13 12:53:51.086032+00
10	auth	0006_require_contenttypes_0002	2018-06-13 12:53:51.096258+00
11	auth	0007_alter_validators_add_error_messages	2018-06-13 12:53:51.118711+00
12	auth	0008_alter_user_username_max_length	2018-06-13 12:53:51.20804+00
13	news	0001_initial	2018-06-13 12:53:51.318681+00
14	taggit	0001_initial	2018-06-13 12:53:51.881488+00
15	taggit	0002_auto_20150616_2121	2018-06-13 12:53:51.980116+00
16	page	0001_initial	2018-06-13 12:53:53.542276+00
17	registration	0001_initial	2018-06-13 12:53:53.670254+00
18	sessions	0001_initial	2018-06-13 12:53:53.820975+00
19	shop	0001_initial	2018-06-13 12:53:55.562194+00
20	user_profile	0001_initial	2018-06-13 12:53:55.815654+00
21	user_profile	0002_auto_20161118_1650	2018-06-13 12:53:55.913282+00
22	page	0002_auto_20180613_1601	2018-06-13 13:01:35.729238+00
23	shop	0002_auto_20180613_1611	2018-06-13 13:11:25.746865+00
24	thumbnail	0001_initial	2018-06-19 15:40:45.959092+00
25	shop	0003_auto_20180620_1541	2018-06-20 12:41:49.791793+00
26	shop	0004_auto_20180620_1542	2018-06-20 12:42:40.543639+00
27	shop	0005_item_offer_name2	2018-06-20 12:44:38.253917+00
28	shop	0006_auto_20180620_1547	2018-06-20 12:47:30.445459+00
29	shop	0007_auto_20180620_1603	2018-06-20 13:03:45.739064+00
30	shop	0008_auto_20180620_1629	2018-06-20 13:30:00.961648+00
31	shop	0009_brands	2018-06-22 09:02:18.230998+00
32	shop	0010_item_brand	2018-06-22 09:11:46.373657+00
33	shop	0011_auto_20180622_1228	2018-06-22 09:28:58.333038+00
34	video_gallery	0001_initial	2018-06-26 15:10:01.019357+00
35	video_gallery	0002_auto_20180626_1811	2018-06-26 15:11:56.307626+00
36	shop	0012_auto_20180627_1414	2018-06-27 11:14:38.231355+00
37	shop	0013_item_in_stock	2018-07-13 09:46:44.529746+00
\.


--
-- Name: django_migrations_id_seq; Type: SEQUENCE SET; Schema: public; Owner: postgres
--

SELECT pg_catalog.setval('django_migrations_id_seq', 37, true);


--
-- Data for Name: django_session; Type: TABLE DATA; Schema: public; Owner: postgres
--

COPY django_session (session_key, session_data, expire_date) FROM stdin;
h4chzjjr5sumbx7vgucejkgq8v69yfpc	MGJmZGM3YmMzZDFiNmM4NmUzNjM4ZWUyOTgzZGI5MWI2ZTgyMTA1OTp7ImVhc3ljYXJ0Ijp7Iml0ZW1zIjp7fX0sIl9hdXRoX3VzZXJfaWQiOiIxIiwiX2F1dGhfdXNlcl9iYWNrZW5kIjoiZGphbmdvLmNvbnRyaWIuYXV0aC5iYWNrZW5kcy5Nb2RlbEJhY2tlbmQiLCJfYXV0aF91c2VyX2hhc2giOiI1YWJlZWFjMGM3YjBjMTNjMzJjYTM0ZmYyOThlYjY1ODk2ZDdjNWU4In0=	2018-07-11 11:23:15.502191+00
e3ivvpl9fn9dsda3uic73i4bwj5bppre	MjYxZDI4YTU3NTkzZjVkMWU1NTk3MGFhYjU3NGM0YjQxZjAxNTU3MTp7ImVhc3ljYXJ0Ijp7Iml0ZW1zIjp7IjMiOnsicXVhbnRpdHkiOjR9fSwiaXRlbUNvdW50IjoxLCJ0b3RhbFByaWNlIjoiODUyNC4wMCJ9LCJfYXV0aF91c2VyX2lkIjoiMSIsIl9hdXRoX3VzZXJfYmFja2VuZCI6ImRqYW5nby5jb250cmliLmF1dGguYmFja2VuZHMuTW9kZWxCYWNrZW5kIiwiX2F1dGhfdXNlcl9oYXNoIjoiNWFiZWVhYzBjN2IwYzEzYzMyY2EzNGZmMjk4ZWI2NTg5NmQ3YzVlOCJ9	2018-07-11 14:49:08.526738+00
4i2mi4l1vtubxafjkbp0f4xn613kks5i	MGJmZGM3YmMzZDFiNmM4NmUzNjM4ZWUyOTgzZGI5MWI2ZTgyMTA1OTp7ImVhc3ljYXJ0Ijp7Iml0ZW1zIjp7fX0sIl9hdXRoX3VzZXJfaWQiOiIxIiwiX2F1dGhfdXNlcl9iYWNrZW5kIjoiZGphbmdvLmNvbnRyaWIuYXV0aC5iYWNrZW5kcy5Nb2RlbEJhY2tlbmQiLCJfYXV0aF91c2VyX2hhc2giOiI1YWJlZWFjMGM3YjBjMTNjMzJjYTM0ZmYyOThlYjY1ODk2ZDdjNWU4In0=	2018-07-17 15:22:17.646183+00
3ofcjunijjvysl7se9q8x4jgjuzvvyfh	MGJmZGM3YmMzZDFiNmM4NmUzNjM4ZWUyOTgzZGI5MWI2ZTgyMTA1OTp7ImVhc3ljYXJ0Ijp7Iml0ZW1zIjp7fX0sIl9hdXRoX3VzZXJfaWQiOiIxIiwiX2F1dGhfdXNlcl9iYWNrZW5kIjoiZGphbmdvLmNvbnRyaWIuYXV0aC5iYWNrZW5kcy5Nb2RlbEJhY2tlbmQiLCJfYXV0aF91c2VyX2hhc2giOiI1YWJlZWFjMGM3YjBjMTNjMzJjYTM0ZmYyOThlYjY1ODk2ZDdjNWU4In0=	2018-07-26 10:16:06.369306+00
i2jlq6eib58vzz8vhmqpurpg8oqefvn2	MGJmZGM3YmMzZDFiNmM4NmUzNjM4ZWUyOTgzZGI5MWI2ZTgyMTA1OTp7ImVhc3ljYXJ0Ijp7Iml0ZW1zIjp7fX0sIl9hdXRoX3VzZXJfaWQiOiIxIiwiX2F1dGhfdXNlcl9iYWNrZW5kIjoiZGphbmdvLmNvbnRyaWIuYXV0aC5iYWNrZW5kcy5Nb2RlbEJhY2tlbmQiLCJfYXV0aF91c2VyX2hhc2giOiI1YWJlZWFjMGM3YjBjMTNjMzJjYTM0ZmYyOThlYjY1ODk2ZDdjNWU4In0=	2018-07-27 09:47:24.234181+00
\.


--
-- Data for Name: news_news; Type: TABLE DATA; Schema: public; Owner: postgres
--

COPY news_news (id, title, small_text, text, published_date, file, file_news) FROM stdin;
1	Новость1	Новость1	<p style="text-align:justify">Новость1&nbsp;Новость1&nbsp;Новость1&nbsp;Новость1&nbsp;Новость1&nbsp;Новость1&nbsp;Новость1&nbsp;Новость1&nbsp;Новость1&nbsp;Новость1&nbsp;Новость1&nbsp;Новость1&nbsp;Новость1&nbsp;Новость1&nbsp;Новость1&nbsp;Новость1&nbsp;Новость1&nbsp;Новость1&nbsp;Новость1&nbsp;Новость1&nbsp;Новость1&nbsp;Новость1&nbsp;Новость1&nbsp;Новость1&nbsp;Новость1&nbsp;Новость1&nbsp;Новость1&nbsp;Новость1&nbsp;Новость1&nbsp;Новость1&nbsp;Новость1&nbsp;Новость1&nbsp;Новость1&nbsp;Новость1&nbsp;Новость1&nbsp;Новость1&nbsp;Новость1&nbsp;Новость1&nbsp;Новость1&nbsp;Новость1&nbsp;Новость1&nbsp;Новость1&nbsp;Новость1&nbsp;Новость1&nbsp;Новость1&nbsp;Новость1&nbsp;Новость1&nbsp;Новость1&nbsp;Новость1&nbsp;Новость1&nbsp;Новость1&nbsp;Новость1&nbsp;Новость1&nbsp;Новость1&nbsp;Новость1&nbsp;Новость1&nbsp;Новость1&nbsp;Новость1&nbsp;Новость1&nbsp;Новость1&nbsp;Новость1&nbsp;Новость1&nbsp;Новость1 м</p>	2018-06-14 08:26:59+00		
2	Новость2	Новость2	<p>Новость2</p>\r\n\r\n<p>Новость2Новость2Новость2Новость2Новость2Новость2&nbsp;Новость2Новость2 &nbsp;Новость2Новость2</p>	2018-06-14 08:28:44+00		
3	Новость3	Новость3	<p>Новость3</p>	2018-06-14 08:38:35+00		
4	Новость4	Новость4	<p>Новость4</p>	2018-06-14 08:38:51+00		
5	Сегодня на склад поступили новинки!	Сегодня на склад поступили новинки!	<p style="text-align:justify">В Воронеже запланировали благоустройство двух смотровых площадок на проспекте Революции, 1а, и площади Победы, сообщили представители Общественного совета при управлении архитектуры и градостроительства ВО. Сотрудники управления экологии, управы района и члены совета осмотрели площадки в среду, 20 июня.</p>\r\n\r\n<p style="text-align:justify">Инициаторам благоустройства смотровых площадок стал член Общественного совета Юрий Красиков.</p>\r\n\r\n<p style="text-align:justify">&ndash; Члены Общественного совета обратились с предложением в управление экологии. Они очень быстро отреагировали, и совместно с представителями управы мы провели осмотры площадок. Все зафиксировали и сфотографировали, &ndash; рассказала корреспонденту РИА &laquo;Воронеж&raquo; ответсек совета Галина Дедова.</p>\r\n\r\n<p style="text-align:justify">Специалисты составили план работ. В ближайшие две недели планируется спилить нижние ветки до уровня 3-4 м, а также вырубить самосев (диаметром ствола до 10 см) и убрать территорию.</p>\r\n\r\n<p style="text-align:justify">По словам Галины Дедовой, Общественный совет также планирует направить предложение по установке освещения на смотровых площадках и скамеек.&nbsp;</p>	2018-06-14 08:39:00+00	news/f9896e7bc9d9bfecb36dbef9eaffeb4c.jpg	file_news/75df9307d590d55020763767e1ac30d4.jpg
6	Поздравляем команду со вторым местом!	Поздравляем команду  со вторым местом!	<p>Новость6</p>	2018-06-14 08:39:12+00	news/55b72b3bdd941232708cfe41cae2bec1.jpg	file_news/f9896e7bc9d9bfecb36dbef9eaffeb4c.jpg
\.


--
-- Name: news_news_id_seq; Type: SEQUENCE SET; Schema: public; Owner: postgres
--

SELECT pg_catalog.setval('news_news_id_seq', 6, true);


--
-- Data for Name: page_menu; Type: TABLE DATA; Schema: public; Owner: postgres
--

COPY page_menu (id, title, template, slug) FROM stdin;
1	Главное меню	0	mainmenu
\.


--
-- Name: page_menu_id_seq; Type: SEQUENCE SET; Schema: public; Owner: postgres
--

SELECT pg_catalog.setval('page_menu_id_seq', 1, true);


--
-- Data for Name: page_menusection; Type: TABLE DATA; Schema: public; Owner: postgres
--

COPY page_menusection (id, title, my_order, lft, rght, tree_id, level, menu_id, page_id, parent_id) FROM stdin;
\.


--
-- Name: page_menusection_id_seq; Type: SEQUENCE SET; Schema: public; Owner: postgres
--

SELECT pg_catalog.setval('page_menusection_id_seq', 1, false);


--
-- Data for Name: page_page; Type: TABLE DATA; Schema: public; Owner: postgres
--

COPY page_page (id, created_date, edited_date, in_menus, title, meta_description, meta_keywords, menu_title, slug, login_required, content, page_type, redirect_url, application, lft, rght, tree_id, level, parent_id) FROM stdin;
1	2018-06-13 13:25:49.468866+00	2018-06-13 13:25:49.468916+00	t	Главная	Главная	Главная	main	main	f		0			1	2	1	0	\N
2	2018-06-15 12:14:00.299013+00	2018-06-15 12:38:13.485449+00	t	О компании	О компании	О компании	О компании	about	f	<p>О компании fsdafsaf</p>\r\n\r\n<p>&nbsp;</p>	0			1	2	2	0	\N
3	2018-06-15 12:15:34.843956+00	2018-06-15 12:15:34.843983+00	t	Доставка	Доставка	Доставка	Доставка	dostavka	f	<p>Доставка</p>	0			1	2	3	0	\N
4	2018-06-15 12:16:04.819467+00	2018-06-15 12:16:04.819549+00	t	Оплата	Оплата	Оплата	Оплата	pay	f	<p>Оплата</p>	0			1	2	4	0	\N
5	2018-06-15 12:16:53.517498+00	2018-06-15 12:17:11.132446+00	t	Контакты	Контакты	Контакты	Контакты	contact	f		0			1	2	5	0	\N
\.


--
-- Name: page_page_id_seq; Type: SEQUENCE SET; Schema: public; Owner: postgres
--

SELECT pg_catalog.setval('page_page_id_seq', 5, true);


--
-- Data for Name: page_placeholder; Type: TABLE DATA; Schema: public; Owner: postgres
--

COPY page_placeholder (id, title) FROM stdin;
\.


--
-- Name: page_placeholder_id_seq; Type: SEQUENCE SET; Schema: public; Owner: postgres
--

SELECT pg_catalog.setval('page_placeholder_id_seq', 1, false);


--
-- Data for Name: page_setting; Type: TABLE DATA; Schema: public; Owner: postgres
--

COPY page_setting (id, back_image, phone1, email1, maindres, vk_link, fb_link) FROM stdin;
\.


--
-- Name: page_setting_id_seq; Type: SEQUENCE SET; Schema: public; Owner: postgres
--

SELECT pg_catalog.setval('page_setting_id_seq', 1, false);


--
-- Data for Name: registration_registrationprofile; Type: TABLE DATA; Schema: public; Owner: postgres
--

COPY registration_registrationprofile (id, activation_key, user_id) FROM stdin;
\.


--
-- Name: registration_registrationprofile_id_seq; Type: SEQUENCE SET; Schema: public; Owner: postgres
--

SELECT pg_catalog.setval('registration_registrationprofile_id_seq', 1, false);


--
-- Data for Name: shop_brands; Type: TABLE DATA; Schema: public; Owner: postgres
--

COPY shop_brands (id, title, file) FROM stdin;
1	Shimano	category/shimano.gif
2	Caiman	category/caiman-logo-r_2.gif
\.


--
-- Name: shop_brands_id_seq; Type: SEQUENCE SET; Schema: public; Owner: postgres
--

SELECT pg_catalog.setval('shop_brands_id_seq', 2, true);


--
-- Data for Name: shop_category; Type: TABLE DATA; Schema: public; Owner: postgres
--

COPY shop_category (id, created_date, edited_date, title, meta_description, meta_keywords, slug, file, content, num, new_flag, lft, rght, tree_id, level, parent_id) FROM stdin;
21	2018-06-19 09:06:56.511074+00	2018-06-19 09:06:56.511103+00	Плавание	Плавание	Плавание	plavanie		<p>Плавание</p>	0	f	23	28	6	1	2
23	2018-06-19 09:07:41.91638+00	2018-06-19 09:07:41.916427+00	очки, маски, трубки, ласты	очки, маски, трубки, ласты	очки, маски, трубки, ласты	ochki-maski-trubki-lasty			0	f	26	27	6	2	21
25	2018-06-19 09:08:20.198849+00	2018-06-19 09:08:20.198882+00	Спортивная обувь			sportivnaya-obuv			0	f	31	32	6	1	2
27	2018-06-19 09:09:00.35688+00	2018-06-19 09:09:00.356916+00	Фитнес	Фитнес	Фитнес	fitnes			0	f	35	36	6	1	2
2	2018-06-19 08:42:54.944893+00	2018-06-19 08:42:54.945285+00	Спорт	Спорт	Спорт	sport		<p>Спорт</p>	0	f	1	39	6	0	\N
20	2018-06-19 09:05:47.321471+00	2018-06-19 09:05:47.321497+00	одежда	одежда	одежда	odezhda			0	f	20	21	6	2	17
12	2018-06-19 09:02:27.878125+00	2018-06-19 09:02:27.878209+00	ролики	ролики	ролики	roliki		<p>ролики&nbsp;</p>	0	f	9	10	6	2	16
36	2018-07-12 13:17:36.033+00	2018-07-12 10:26:20.95003+00	Новая категория	Новая категория	asdsad	sdfas		<p>афыафы</p>	0	f	14	14	6	1	2
3	2018-06-19 08:58:34.106878+00	2018-06-20 12:20:42.422762+00	Аксессуары, рыболовные ящики	Аксессуары	Аксессуары	aksessuary	category/bc2be7375ab6a18df7713a08e84a16d1.jpg	<p>Аксессуары</p>	0	f	4	5	4	1	1
9	2018-06-19 09:01:15.759526+00	2018-06-20 12:23:32.625166+00	Крючки, тройники, двойники	крючки, тройники	крючки, тройники	kryuchki-trojniki	category/b8d5dcfc4f7feb62ad5f771d2b299bfd.jpg	<p>крючки, тройники</p>	0	f	12	13	4	1	1
22	2018-06-19 09:07:18.998589+00	2018-06-19 09:07:18.998663+00	аксессуары	Аксессуары	Аксессуары	aksessuary2		<p>аксессуары</p>	0	f	24	25	6	2	21
24	2018-06-19 09:08:01.85077+00	2018-06-19 09:08:01.850796+00	Подводная охота	Подводная охота		podvodnaya-ohota			0	f	29	30	6	1	2
26	2018-06-19 09:08:35.800441+00	2018-06-19 09:08:35.800497+00	Спортивные игры	Спортивные игры		sportivnye-igry			0	f	33	34	6	1	2
28	2018-06-19 09:09:22.125212+00	2018-06-19 09:09:22.125266+00	Художественная гимнастика	Художественная гимнастика	Художественная гимнастика	hudozhestvennaya-gimnastika			0	f	37	38	6	1	2
13	2018-06-19 09:02:40.264044+00	2018-06-19 09:02:40.264093+00	самокаты	самокаты	самокаты	samokaty			0	f	7	8	6	2	16
14	2018-06-19 09:02:56.119554+00	2018-06-19 09:02:56.119634+00	скандинавская ходьба , трекинговые палки	скандинавская ходьба , трекинговые палки		skandinavskaya-hodba-trekingovye-palki		<p>скандинавская ходьба , трекинговые палки&nbsp;</p>	0	f	5	6	6	2	16
7	2018-06-19 09:00:48.00248+00	2018-06-20 12:23:44.348368+00	Карповые аксессуары	карповые аксессуары	карповые аксессуары	karpovye-aksessuary	category/55b72b3bdd941232708cfe41cae2bec1.jpg	<p>карповые аксессуары</p>	0	f	10	11	4	1	1
16	2018-06-19 09:03:46.025562+00	2018-06-19 09:03:46.02561+00	Активный отдых	Активный отдых		aktivnyj-otdyh			0	f	2	13	6	1	2
18	2018-06-19 09:05:08.068838+00	2018-06-19 09:05:08.06892+00	аксессуары	аксессуары	аксессуары	aksessuary3		<p>аксессуары&nbsp;</p>	0	f	16	17	6	2	17
19	2018-06-19 09:05:27.076677+00	2018-06-19 09:05:27.076758+00	обувь	обувь	обувь	obuv		<p>обувь</p>	0	f	18	19	6	2	17
15	2018-06-19 09:03:09.584568+00	2018-06-19 09:03:09.58465+00	скейтборды, лонгборды, круизеры, пенниборды	скейтборды, лонгборды, круизеры, пенниборды	скейтборды, лонгборды, круизеры, пенниборды	skejtbordy-longbordy-kruizery-pennibordy		<p>скейтборды, лонгборды, круизеры, пенниборды&nbsp;</p>	0	f	3	4	6	2	16
11	2018-06-19 09:02:13.824883+00	2018-06-19 09:02:13.824966+00	Аксессуары	аксессуары	аксессуары	aksessuary_sport		<p>аксессуары</p>	0	f	11	12	6	2	16
17	2018-06-19 09:04:50.151106+00	2018-06-19 09:04:50.151147+00	Единоборства			edinoborstva			0	f	15	22	6	1	2
5	2018-06-19 08:58:59.541992+00	2018-06-20 12:23:55.427527+00	Воблеры	воблеры	воблеры	voblery	category/75df9307d590d55020763767e1ac30d4_WkuFArY.jpg	<p>воблеры&nbsp;</p>	0	f	8	9	4	1	1
4	2018-06-19 08:58:39.651952+00	2018-06-20 12:24:00.573145+00	Блесны	блесны	блесны	blesny	category/75df9307d590d55020763767e1ac30d4.jpg		0	f	6	7	4	1	1
1	2018-06-19 08:42:33.569545+00	2018-06-19 08:42:33.569621+00	Рыбалка и Туризм	Рыбалка и Туризм	Рыбалка и Туризм	rybalka-i-turizm			0	f	1	14	4	0	\N
6	2018-06-19 08:59:47.946126+00	2018-06-20 12:23:50.224367+00	Зима	зима	зима	zima	category/16782262e1d47a18d8d7297476d9e956.jpg	<p>зима</p>	0	f	2	3	4	1	1
\.


--
-- Name: shop_category_id_seq; Type: SEQUENCE SET; Schema: public; Owner: postgres
--

SELECT pg_catalog.setval('shop_category_id_seq', 36, true);


--
-- Data for Name: shop_item; Type: TABLE DATA; Schema: public; Owner: postgres
--

COPY shop_item (id, created_date, edited_date, title, meta_description, meta_keywords, slug, file, content_small, content, status, offer, num, price_1, brand_id, in_stock) FROM stdin;
5	2018-06-26 11:26:59.929988+00	2018-06-26 12:10:41.75326+00	rweqrwqer	wqerweqrew	werwer	rweqrwqer		qwerw	<p>erwerwerwer</p>	t	t	0	12333.00	1	0
3	2018-06-25 11:46:44.245431+00	2018-06-26 11:25:53.085231+00	пывапваыпывп	выпвыапыва	павыпывп	pyvapvaypyvp		выапаывпав	<p>павыаапавыпвапыв</p>	t	t	0	2131.00	1	0
2	2018-06-20 13:36:27.039208+00	2018-06-26 11:25:58.880877+00	Катушка VIVA Carbon Light FD 810	Катушка VIVA Carbon Light FD 810	Катушка VIVA Carbon Light FD 810	katushka-viva-carbon-light-fd-810		Катушка VIVA Carbon Light FD 810	<p>Катушка VIVA Carbon Light FD 810Катушка VIVA Carbon Light FD 810Катушка VIVA Carbon Light FD 810Катушка VIVA Carbon Light FD 810Катушка VIVA Carbon Light FD 810Катушка VIVA Carbon Light FD 810Катушка VIVA Carbon Light FD 810Катушка VIVA Carbon Light FD 810Катушка VIVA Carbon Light FD 810Катушка VIVA Carbon Light FD 810Катушка VIVA Carbon Light FD 810</p>	t	t	0	3500.20	1	0
1	2018-06-20 13:01:07.507797+00	2018-06-26 11:26:03.924236+00	Катушка VIVA Carbon Light FD 820	Катушка VIVA Carbon Light FD 820	Катушка VIVA Carbon Light FD 820	katushka-viva-carbon-light-fd-820		Катушка VIVA Carbon Light FD 820	<p style="text-align:justify">Катушка VIVA Carbon Light FD 820Катушка VIVA Carbon Light FD 820Катушка VIVA Carbon Light FD 820Катушка VIVA Carbon Light FD 820Катушка VIVA Carbon Light FD 820Катушка VIVA Carbon Light FD 820Катушка VIVA Carbon Light FD 820Катушка VIVA Carbon Light FD 820Катушка VIVA Carbon Light FD 820Катушка VIVA Carbon Light FD 820Катушка VIVA Carbon Light FD 820Катушка VIVA Carbon Light FD 820Катушка VIVA Carbon Light FD 820Катушка VIVA Carbon Light FD 820Катушка VIVA Carbon Light FD 820Катушка VIVA Carbon Light FD 820</p>	t	t	0	1200.50	2	0
4	2018-06-26 11:26:31.350316+00	2018-06-26 11:26:31.350357+00	fsdf	sdfsafaf	asfsaff	fsdf		asfsaf	<p>safsfsdfsaf</p>	t	t	0	13213.00	1	0
\.


--
-- Data for Name: shop_item_category; Type: TABLE DATA; Schema: public; Owner: postgres
--

COPY shop_item_category (id, item_id, category_id) FROM stdin;
3	3	4
5	4	7
6	5	6
\.


--
-- Name: shop_item_category_id_seq; Type: SEQUENCE SET; Schema: public; Owner: postgres
--

SELECT pg_catalog.setval('shop_item_category_id_seq', 6, true);


--
-- Name: shop_item_id_seq; Type: SEQUENCE SET; Schema: public; Owner: postgres
--

SELECT pg_catalog.setval('shop_item_id_seq', 5, true);


--
-- Data for Name: shop_item_image; Type: TABLE DATA; Schema: public; Owner: postgres
--

COPY shop_item_image (id, title, file, num, item_variation_id) FROM stdin;
1		shop/ec9ff7abb97f11c8419955be30269ed4.jpg	0	1
2		shop/16782262e1d47a18d8d7297476d9e956.jpg	0	1
3		shop/bc2be7375ab6a18df7713a08e84a16d1.jpg	0	1
4		shop/ec9ff7abb97f11c8419955be30269ed4_HqXqoOE.jpg	0	2
5		shop/16782262e1d47a18d8d7297476d9e956_E2iJdmE.jpg	0	2
6		shop/ec9ff7abb97f11c8419955be30269ed4_fg04bsU.jpg	0	3
7		shop/f9896e7bc9d9bfecb36dbef9eaffeb4c.jpg	0	4
8		shop/55b72b3bdd941232708cfe41cae2bec1.jpg	0	5
\.


--
-- Name: shop_item_image_id_seq; Type: SEQUENCE SET; Schema: public; Owner: postgres
--

SELECT pg_catalog.setval('shop_item_image_id_seq', 8, true);


--
-- Data for Name: shop_order; Type: TABLE DATA; Schema: public; Owner: postgres
--

COPY shop_order (id, created_date, edited_date, total_price, email, address, phone_number, customer_id, status_id) FROM stdin;
\.


--
-- Name: shop_order_id_seq; Type: SEQUENCE SET; Schema: public; Owner: postgres
--

SELECT pg_catalog.setval('shop_order_id_seq', 1, false);


--
-- Data for Name: shop_orderitem; Type: TABLE DATA; Schema: public; Owner: postgres
--

COPY shop_orderitem (id, created_date, edited_date, title, cols, price, item_id, order_id) FROM stdin;
\.


--
-- Name: shop_orderitem_id_seq; Type: SEQUENCE SET; Schema: public; Owner: postgres
--

SELECT pg_catalog.setval('shop_orderitem_id_seq', 1, false);


--
-- Data for Name: shop_status; Type: TABLE DATA; Schema: public; Owner: postgres
--

COPY shop_status (id, title, num, default_status) FROM stdin;
\.


--
-- Name: shop_status_id_seq; Type: SEQUENCE SET; Schema: public; Owner: postgres
--

SELECT pg_catalog.setval('shop_status_id_seq', 1, false);


--
-- Data for Name: shop_userprofile; Type: TABLE DATA; Schema: public; Owner: postgres
--

COPY shop_userprofile (id, name, phone, adres, user_id) FROM stdin;
1	Толкачев Иван Владимирович	89050510606	Пирогова 11	2
\.


--
-- Name: shop_userprofile_id_seq; Type: SEQUENCE SET; Schema: public; Owner: postgres
--

SELECT pg_catalog.setval('shop_userprofile_id_seq', 1, true);


--
-- Data for Name: taggit_tag; Type: TABLE DATA; Schema: public; Owner: postgres
--

COPY taggit_tag (id, name, slug) FROM stdin;
\.


--
-- Name: taggit_tag_id_seq; Type: SEQUENCE SET; Schema: public; Owner: postgres
--

SELECT pg_catalog.setval('taggit_tag_id_seq', 1, false);


--
-- Data for Name: taggit_taggeditem; Type: TABLE DATA; Schema: public; Owner: postgres
--

COPY taggit_taggeditem (id, object_id, content_type_id, tag_id) FROM stdin;
\.


--
-- Name: taggit_taggeditem_id_seq; Type: SEQUENCE SET; Schema: public; Owner: postgres
--

SELECT pg_catalog.setval('taggit_taggeditem_id_seq', 1, false);


--
-- Data for Name: thumbnail_kvstore; Type: TABLE DATA; Schema: public; Owner: postgres
--

COPY thumbnail_kvstore (key, value) FROM stdin;
sorl-thumbnail||image||0577147f3eb438cb626d4375bdf51b3b	{"name": "category/bc2be7375ab6a18df7713a08e84a16d1.jpg", "storage": "django.core.files.storage.FileSystemStorage", "size": [250, 250]}
sorl-thumbnail||image||bfc441b8c8c8c1746a94ed2616ba4175	{"name": "cache/37/17/37176632c6eadcff5ecf7e157d1a5632.jpg", "storage": "django.core.files.storage.FileSystemStorage", "size": [250, 250]}
sorl-thumbnail||thumbnails||0577147f3eb438cb626d4375bdf51b3b	["bfc441b8c8c8c1746a94ed2616ba4175"]
sorl-thumbnail||image||d993a21e56e83d5b7b57d439a94c560c	{"name": "category/75df9307d590d55020763767e1ac30d4.jpg", "storage": "django.core.files.storage.FileSystemStorage", "size": [250, 250]}
sorl-thumbnail||image||5947d747405b4c9aa293e04724f42592	{"name": "cache/27/d2/27d2a253de9816e2d59ae5c6a49a4656.jpg", "storage": "django.core.files.storage.FileSystemStorage", "size": [250, 250]}
sorl-thumbnail||thumbnails||d993a21e56e83d5b7b57d439a94c560c	["5947d747405b4c9aa293e04724f42592"]
sorl-thumbnail||image||41ba2194d7f3d8f597b383c6da328af3	{"name": "category/75df9307d590d55020763767e1ac30d4_WkuFArY.jpg", "storage": "django.core.files.storage.FileSystemStorage", "size": [250, 250]}
sorl-thumbnail||image||6fa343529f3bf241497bc9e75221432a	{"name": "cache/fd/02/fd02a5d9271f00e0d6de704fd93174e8.jpg", "storage": "django.core.files.storage.FileSystemStorage", "size": [250, 250]}
sorl-thumbnail||thumbnails||41ba2194d7f3d8f597b383c6da328af3	["6fa343529f3bf241497bc9e75221432a"]
sorl-thumbnail||image||6345cd02a2a194feeaeafae91e7ef335	{"name": "category/16782262e1d47a18d8d7297476d9e956.jpg", "storage": "django.core.files.storage.FileSystemStorage", "size": [250, 250]}
sorl-thumbnail||image||738debf0f4cb42582dae745d66550db2	{"name": "cache/0d/16/0d16a324554c709fcdb5b3fb84a91eb8.jpg", "storage": "django.core.files.storage.FileSystemStorage", "size": [250, 250]}
sorl-thumbnail||thumbnails||6345cd02a2a194feeaeafae91e7ef335	["738debf0f4cb42582dae745d66550db2"]
sorl-thumbnail||image||b237ba272133296080ae52250ba14e39	{"name": "category/55b72b3bdd941232708cfe41cae2bec1.jpg", "storage": "django.core.files.storage.FileSystemStorage", "size": [250, 250]}
sorl-thumbnail||image||ecc3da8a031c48bbb7b078cf053784ae	{"name": "cache/3e/39/3e39b6ef936b7d5c4bd9e07aa26e7372.jpg", "storage": "django.core.files.storage.FileSystemStorage", "size": [250, 250]}
sorl-thumbnail||thumbnails||b237ba272133296080ae52250ba14e39	["ecc3da8a031c48bbb7b078cf053784ae"]
sorl-thumbnail||image||007c40451854d6473c30bac21b2fc72c	{"name": "category/ec9ff7abb97f11c8419955be30269ed4.jpg", "storage": "django.core.files.storage.FileSystemStorage", "size": [250, 250]}
sorl-thumbnail||image||19e384e995ffea52503b52c4c7fedc67	{"name": "cache/0e/29/0e291e396b9fbea5128eb0af71e1b504.jpg", "storage": "django.core.files.storage.FileSystemStorage", "size": [250, 250]}
sorl-thumbnail||thumbnails||007c40451854d6473c30bac21b2fc72c	["19e384e995ffea52503b52c4c7fedc67"]
sorl-thumbnail||image||d9b4c90324b9f5ab42d981e86fa6120a	{"name": "category/b8d5dcfc4f7feb62ad5f771d2b299bfd.jpg", "storage": "django.core.files.storage.FileSystemStorage", "size": [250, 250]}
sorl-thumbnail||image||ba7dffb89239076d98e52ce1ed3abce3	{"name": "cache/d3/ae/d3ae8b89dd376202d2905e623082a439.jpg", "storage": "django.core.files.storage.FileSystemStorage", "size": [250, 250]}
sorl-thumbnail||thumbnails||d9b4c90324b9f5ab42d981e86fa6120a	["ba7dffb89239076d98e52ce1ed3abce3"]
sorl-thumbnail||image||33f2ab379ffc0ea4a29583109aaf321e	{"name": "cache/f9/07/f907fd46b3aa4eca309a98a94050a466.jpg", "storage": "django.core.files.storage.FileSystemStorage", "size": [200, 200]}
sorl-thumbnail||image||4414c1005c2f2c14079996db012e088f	{"name": "cache/d0/63/d06307b2522e932f043c1c6174e0630a.jpg", "storage": "django.core.files.storage.FileSystemStorage", "size": [200, 200]}
sorl-thumbnail||image||9e19b752bdeb6f8b2c32e3e850d8baa9	{"name": "cache/2d/8d/2d8d57427947c56b788be68b944bae87.jpg", "storage": "django.core.files.storage.FileSystemStorage", "size": [200, 200]}
sorl-thumbnail||image||0f4fa9aa603552ba17e7db6d69e6131b	{"name": "cache/c7/93/c793784a338de642064b82c4ed877e9a.jpg", "storage": "django.core.files.storage.FileSystemStorage", "size": [200, 200]}
sorl-thumbnail||image||0d4d4e623d12501ecbc828c458a00dc5	{"name": "cache/f5/9b/f59b8530ee1df08849d5fb8923fd5eb3.jpg", "storage": "django.core.files.storage.FileSystemStorage", "size": [200, 200]}
sorl-thumbnail||image||5fd3796ce84ad5d9d475d9e039cbeb39	{"name": "cache/45/6c/456cff2d2dc1f57d150f5f0f3a9f9781.jpg", "storage": "django.core.files.storage.FileSystemStorage", "size": [200, 200]}
sorl-thumbnail||image||6a20f000727f0c7745996653537a3696	{"name": "cache/d4/dd/d4ddd90a35afdeeeb4da10a1f924df74.jpg", "storage": "django.core.files.storage.FileSystemStorage", "size": [200, 200]}
sorl-thumbnail||image||20e27d0bad059029c9be610e9bfe47af	{"name": "shop/bc2be7375ab6a18df7713a08e84a16d1.jpg", "storage": "django.core.files.storage.FileSystemStorage", "size": [250, 250]}
sorl-thumbnail||image||7ddc0a76aeffd89f7654a20ee752fd19	{"name": "cache/5e/5b/5e5b1ea1b13d48b2d155faf1aa40c619.jpg", "storage": "django.core.files.storage.FileSystemStorage", "size": [400, 400]}
sorl-thumbnail||thumbnails||20e27d0bad059029c9be610e9bfe47af	["7ddc0a76aeffd89f7654a20ee752fd19"]
sorl-thumbnail||image||265d9fe2d1c53d645c751d7463b7ee3f	{"name": "cache/fd/97/fd977ef0c8dea7d018d7d1ba9df639ca.jpg", "storage": "django.core.files.storage.FileSystemStorage", "size": [1000, 1000]}
sorl-thumbnail||image||81323bd650fa3b08eee130d4ae7fff2b	{"name": "shop/16782262e1d47a18d8d7297476d9e956_E2iJdmE.jpg", "storage": "django.core.files.storage.FileSystemStorage", "size": [250, 250]}
sorl-thumbnail||image||970007cefddd3a36ff8312703e50846e	{"name": "cache/1b/a5/1ba519fd2fe7b891e7e1dbc281263976.jpg", "storage": "django.core.files.storage.FileSystemStorage", "size": [400, 400]}
sorl-thumbnail||thumbnails||81323bd650fa3b08eee130d4ae7fff2b	["970007cefddd3a36ff8312703e50846e"]
sorl-thumbnail||image||20abc77c1773e901335dbb7c801e27aa	{"name": "cache/a6/66/a666d699ae7ef45615ff48b21bb5feaf.jpg", "storage": "django.core.files.storage.FileSystemStorage", "size": [1000, 1000]}
sorl-thumbnail||image||30dc76e6b5668913079f64c5275c4569	{"name": "cache/5f/83/5f834800231f71603d0573f6049d5a6b.jpg", "storage": "django.core.files.storage.FileSystemStorage", "size": [50, 50]}
sorl-thumbnail||image||f89f40588c564a2de499ac753d528aed	{"name": "shop/16782262e1d47a18d8d7297476d9e956.jpg", "storage": "django.core.files.storage.FileSystemStorage", "size": [250, 250]}
sorl-thumbnail||image||e36e175a8b08ee8a2d2176b3125655c8	{"name": "cache/b1/74/b1743ccd678a0cd1bfc3e9353b4ee817.jpg", "storage": "django.core.files.storage.FileSystemStorage", "size": [50, 50]}
sorl-thumbnail||thumbnails||f89f40588c564a2de499ac753d528aed	["e36e175a8b08ee8a2d2176b3125655c8"]
sorl-thumbnail||image||a62fd8d867fbc11341968b78cab657aa	{"name": "cache/9a/39/9a394d18dc1a2e9b5ce665472f6744a0.jpg", "storage": "django.core.files.storage.FileSystemStorage", "size": [400, 400]}
sorl-thumbnail||image||f13853b8747b12078f9a2847879cbef3	{"name": "cache/79/7a/797ad86933abe705399867315bc36227.jpg", "storage": "django.core.files.storage.FileSystemStorage", "size": [1000, 1000]}
sorl-thumbnail||image||9ec629debd1dcbb0e353ee501fba5d79	{"name": "shop/ec9ff7abb97f11c8419955be30269ed4.jpg", "storage": "django.core.files.storage.FileSystemStorage", "size": [250, 250]}
sorl-thumbnail||image||cc861a2bde578724f9b122454ff3e3f5	{"name": "cache/ba/87/ba87304aa2e01b9949f063f3aa716596.jpg", "storage": "django.core.files.storage.FileSystemStorage", "size": [50, 50]}
sorl-thumbnail||thumbnails||9ec629debd1dcbb0e353ee501fba5d79	["cc861a2bde578724f9b122454ff3e3f5"]
sorl-thumbnail||image||ab048a887b7820c62d345023b70849cb	{"name": "cache/38/28/382897d246810ac26c36cdcb128f79cf.jpg", "storage": "django.core.files.storage.FileSystemStorage", "size": [400, 400]}
sorl-thumbnail||image||33eef6938e70f78abe589e6caaf93681	{"name": "cache/b6/4d/b64daec6dd18bdcd6e7e4a526597d21d.jpg", "storage": "django.core.files.storage.FileSystemStorage", "size": [1000, 1000]}
sorl-thumbnail||image||a46d6bfb7744418783f9505d75cfae09	{"name": "cache/5d/87/5d87faa67af2d7afd160993b0d58f71a.jpg", "storage": "django.core.files.storage.FileSystemStorage", "size": [50, 50]}
sorl-thumbnail||image||a28752090c9a0d10b1fffbe6f65b6e34	{"name": "shop/ec9ff7abb97f11c8419955be30269ed4_HqXqoOE.jpg", "storage": "django.core.files.storage.FileSystemStorage", "size": [250, 250]}
sorl-thumbnail||image||8c6b3a57d5f5d844e60424efc316e8b2	{"name": "cache/47/d1/47d1a3a961b1655191bdee17ac195f25.jpg", "storage": "django.core.files.storage.FileSystemStorage", "size": [50, 50]}
sorl-thumbnail||thumbnails||a28752090c9a0d10b1fffbe6f65b6e34	["8c6b3a57d5f5d844e60424efc316e8b2"]
sorl-thumbnail||image||13e5058d3551d82a24ecf38099dd0bcb	{"name": "cache/e2/3b/e23b65b35fab35705ca96f110b9bc30d.jpg", "storage": "django.core.files.storage.FileSystemStorage", "size": [400, 400]}
sorl-thumbnail||image||4831d7029a857f1cdb8148bef73602ec	{"name": "cache/79/81/79818456e2d9bd81e3a4644b13659811.jpg", "storage": "django.core.files.storage.FileSystemStorage", "size": [1000, 1000]}
sorl-thumbnail||image||2d2b445a4b5bbd5fce6f788c1fa215a6	{"name": "news/55b72b3bdd941232708cfe41cae2bec1.jpg", "storage": "django.core.files.storage.FileSystemStorage", "size": [250, 250]}
sorl-thumbnail||image||17589e4492fa18fb720f650ba74f0f45	{"name": "cache/7d/46/7d46d04f58f730d7b97006617b8dfa76.jpg", "storage": "django.core.files.storage.FileSystemStorage", "size": [250, 200]}
sorl-thumbnail||thumbnails||2d2b445a4b5bbd5fce6f788c1fa215a6	["17589e4492fa18fb720f650ba74f0f45"]
sorl-thumbnail||image||608ca2eae127424efeb385c9f8fda5c5	{"name": "news/f9896e7bc9d9bfecb36dbef9eaffeb4c.jpg", "storage": "django.core.files.storage.FileSystemStorage", "size": [250, 250]}
sorl-thumbnail||image||61e0a08567dbc4d5c2fb70d76b2edcee	{"name": "cache/3c/70/3c708595d7199c300da1c9b93b3056dd.jpg", "storage": "django.core.files.storage.FileSystemStorage", "size": [250, 200]}
sorl-thumbnail||thumbnails||608ca2eae127424efeb385c9f8fda5c5	["61e0a08567dbc4d5c2fb70d76b2edcee"]
sorl-thumbnail||image||c4efe60614cf1651de8465de40d3ca97	{"name": "cache/f8/b2/f8b26b125f2bc5c99fd82300e67f5037.jpg", "storage": "django.core.files.storage.FileSystemStorage", "size": [200, 200]}
sorl-thumbnail||image||ee7c8ab5262fbc333212dcbf5f178099	{"name": "file_news/75df9307d590d55020763767e1ac30d4.jpg", "storage": "django.core.files.storage.FileSystemStorage", "size": [250, 250]}
sorl-thumbnail||image||b73620b17d781243fbf29489205e12cb	{"name": "cache/82/85/8285d240bc73fec77d84b3fc1d104856.jpg", "storage": "django.core.files.storage.FileSystemStorage", "size": [200, 200]}
sorl-thumbnail||thumbnails||ee7c8ab5262fbc333212dcbf5f178099	["b73620b17d781243fbf29489205e12cb"]
sorl-thumbnail||image||2d3794e2fe38fe8ca5197fca73baecb9	{"name": "file_news/f9896e7bc9d9bfecb36dbef9eaffeb4c.jpg", "storage": "django.core.files.storage.FileSystemStorage", "size": [250, 250]}
sorl-thumbnail||image||141a03ae4495f49cdc1c46857ebede31	{"name": "cache/0e/6a/0e6ab4fc99fd8a0c53487666ce87b193.jpg", "storage": "django.core.files.storage.FileSystemStorage", "size": [200, 200]}
sorl-thumbnail||thumbnails||2d3794e2fe38fe8ca5197fca73baecb9	["141a03ae4495f49cdc1c46857ebede31"]
sorl-thumbnail||image||c79718d45fdb79b38112f765e7f31970	{"name": "shop/ec9ff7abb97f11c8419955be30269ed4_fg04bsU.jpg", "storage": "django.core.files.storage.FileSystemStorage", "size": [250, 250]}
sorl-thumbnail||image||92d80b445e117aaf65e42d0f61735c63	{"name": "cache/a1/9b/a19bf920693866c2b17f5c65b028099d.jpg", "storage": "django.core.files.storage.FileSystemStorage", "size": [400, 400]}
sorl-thumbnail||thumbnails||c79718d45fdb79b38112f765e7f31970	["92d80b445e117aaf65e42d0f61735c63"]
sorl-thumbnail||image||79a43950a93bacce27509f4045bc8657	{"name": "cache/ea/06/ea069f7fe72576e7a1e4640f49dd2a06.jpg", "storage": "django.core.files.storage.FileSystemStorage", "size": [1000, 1000]}
sorl-thumbnail||image||04d3e5e02ce62b1706d58a8255dcabc9	{"name": "shop/55b72b3bdd941232708cfe41cae2bec1.jpg", "storage": "django.core.files.storage.FileSystemStorage", "size": [250, 250]}
sorl-thumbnail||image||a231b3921b73c9301ee5830e5097a335	{"name": "cache/d8/99/d8999ed350a528fa686e887f130a2b45.jpg", "storage": "django.core.files.storage.FileSystemStorage", "size": [200, 200]}
sorl-thumbnail||thumbnails||04d3e5e02ce62b1706d58a8255dcabc9	["a231b3921b73c9301ee5830e5097a335"]
sorl-thumbnail||image||c973176f5dec23ad37964b618e8f0bcd	{"name": "cache/a1/3c/a13c05580634c4e1625621487cfa4bf6.jpg", "storage": "django.core.files.storage.FileSystemStorage", "size": [200, 200]}
sorl-thumbnail||image||9e05bedb2c1e72ab244b00c9b7df60e5	{"name": "cache/ff/ad/ffad49c08e5b7149216c6541a73d7688.jpg", "storage": "django.core.files.storage.FileSystemStorage", "size": [200, 200]}
sorl-thumbnail||image||ea59fae25d7f6e38a5a77e1686de1fa2	{"name": "cache/0f/cf/0fcf4d3a6e471f76475735f6a530de4e.jpg", "storage": "django.core.files.storage.FileSystemStorage", "size": [200, 200]}
sorl-thumbnail||image||ca98c7cc026a953e6d3adea865bf1283	{"name": "shop/f9896e7bc9d9bfecb36dbef9eaffeb4c.jpg", "storage": "django.core.files.storage.FileSystemStorage", "size": [250, 250]}
sorl-thumbnail||image||04740ecb4fc5f1ea907e1d2a0674aa2f	{"name": "cache/f7/7b/f77b246021c13d578721dd948708d94c.jpg", "storage": "django.core.files.storage.FileSystemStorage", "size": [200, 200]}
sorl-thumbnail||thumbnails||ca98c7cc026a953e6d3adea865bf1283	["04740ecb4fc5f1ea907e1d2a0674aa2f"]
sorl-thumbnail||image||8ea52d45c0333b57c283b27833795fb1	{"name": "cache/d3/d9/d3d93622bbc604f4f3eb185e16546fa1.jpg", "storage": "django.core.files.storage.FileSystemStorage", "size": [123, 104]}
sorl-thumbnail||image||2b41e3516e57b694ca3c3c3715dd8ec2	{"name": "cache/f4/9e/f49eb8d788635fcab01e6a27e2901b15.jpg", "storage": "django.core.files.storage.FileSystemStorage", "size": [123, 104]}
sorl-thumbnail||image||12e0881425e03c5a4f94c249b17fcd55	{"name": "cache/8c/de/8cdee2bb36e3915f6915134438087078.jpg", "storage": "django.core.files.storage.FileSystemStorage", "size": [123, 104]}
sorl-thumbnail||image||4b007fc28b249b0b50d9ee135b17450e	{"name": "cache/43/33/433357baacf7bdd400e7db82e3ba15a4.jpg", "storage": "django.core.files.storage.FileSystemStorage", "size": [123, 104]}
sorl-thumbnail||image||f4d757f1095aac00effe2ddb33b53dda	{"name": "cache/13/da/13da614715642e159aadb2a72031b9bc.jpg", "storage": "django.core.files.storage.FileSystemStorage", "size": [123, 104]}
sorl-thumbnail||image||88b8c5f4026a0042680f3cf9be461a15	{"name": "cache/e5/19/e519ff9e248812a2f3e625bbff61afb3.jpg", "storage": "django.core.files.storage.FileSystemStorage", "size": [180, 180]}
sorl-thumbnail||image||fc6be982f16036c614740360052105d1	{"name": "cache/20/b5/20b53170f4bbc3af7c7bd8f2be80e5c0.jpg", "storage": "django.core.files.storage.FileSystemStorage", "size": [180, 180]}
sorl-thumbnail||image||fa4a004c870a4085da9ddeca5bbfe47f	{"name": "cache/af/c4/afc452b36539635529e034066fc6e5a9.jpg", "storage": "django.core.files.storage.FileSystemStorage", "size": [180, 180]}
sorl-thumbnail||image||7a8eea97cce71f985b75d9b420a7c8af	{"name": "cache/a9/96/a996a7804f5305afb600add38b1c84dd.jpg", "storage": "django.core.files.storage.FileSystemStorage", "size": [180, 180]}
sorl-thumbnail||image||544579d9fe48db44534a951707fe00ff	{"name": "cache/6c/b1/6cb1ee528a528cabb4afa08fd1d0fa26.jpg", "storage": "django.core.files.storage.FileSystemStorage", "size": [180, 180]}
sorl-thumbnail||image||075679b39b7a7be0582702aa7d0964b9	{"name": "cache/23/66/236689d55221d8044371c3359157c6af.jpg", "storage": "django.core.files.storage.FileSystemStorage", "size": [170, 170]}
sorl-thumbnail||image||88ec8649cbdae76e7de42b5472bf3fd6	{"name": "cache/1e/55/1e55d0ec30def3920599540583f06989.jpg", "storage": "django.core.files.storage.FileSystemStorage", "size": [170, 170]}
sorl-thumbnail||image||14358cf24930a8f0233dfe66b58aa82c	{"name": "cache/7b/ab/7bab3c8202af01f3e8b55a2336f984c0.jpg", "storage": "django.core.files.storage.FileSystemStorage", "size": [170, 170]}
sorl-thumbnail||image||6b485207bfbe0c50ff37b4ce34591098	{"name": "cache/e1/97/e1977f7a3e0939e6e1ff9692a0949fb2.jpg", "storage": "django.core.files.storage.FileSystemStorage", "size": [170, 170]}
sorl-thumbnail||image||d84ff56646106ed77ce357148f5c0675	{"name": "cache/44/07/440793b21ebd9069b83569544adc0e7f.jpg", "storage": "django.core.files.storage.FileSystemStorage", "size": [170, 170]}
sorl-thumbnail||image||6064269b533f485ecd79093e7b21fb76	{"name": "cache/bf/ce/bfce279249b8d31df803ff99fa58bc90.jpg", "storage": "django.core.files.storage.FileSystemStorage", "size": [160, 160]}
sorl-thumbnail||image||f7fb95eb6cee6556851d3aa1b841b2af	{"name": "cache/85/1a/851ae52c0b00aa0abdae9082053698d2.jpg", "storage": "django.core.files.storage.FileSystemStorage", "size": [160, 160]}
sorl-thumbnail||image||0ec88341a5d16a324897a12f772d1c72	{"name": "cache/a0/7b/a07b6699f632ebf1fbae0b21b98165c1.jpg", "storage": "django.core.files.storage.FileSystemStorage", "size": [160, 160]}
sorl-thumbnail||image||73fbdc0359271a86e24478ef74cb1e4b	{"name": "cache/18/bd/18bdc13241bf673adca776795a00b67d.jpg", "storage": "django.core.files.storage.FileSystemStorage", "size": [160, 160]}
sorl-thumbnail||image||cde90410116f16c14c1813758ced9141	{"name": "cache/96/77/9677610f16af1f8d4ffce0084cca9783.jpg", "storage": "django.core.files.storage.FileSystemStorage", "size": [160, 160]}
sorl-thumbnail||image||d41252d6bdf1b1c5b549459dd90dfe4c	{"name": "cache/1e/e8/1ee8288fc65a01891f430301838cd8da.jpg", "storage": "django.core.files.storage.FileSystemStorage", "size": [50, 50]}
sorl-thumbnail||image||76c1c7d94563a2981f3ad07f28c2288f	{"name": "cache/70/da/70da97ccccd49b02c3fe35d121839c6f.jpg", "storage": "django.core.files.storage.FileSystemStorage", "size": [400, 400]}
sorl-thumbnail||image||d0416df8742957e64ac140ed9fd95637	{"name": "cache/54/d5/54d594b09d3f1f589d58206016a359c0.jpg", "storage": "django.core.files.storage.FileSystemStorage", "size": [1000, 1000]}
sorl-thumbnail||image||d740ae09658310dee46c84d800492747	{"name": "cache/bc/d0/bcd03a2bf7ffd344608341fe454ec074.jpg", "storage": "django.core.files.storage.FileSystemStorage", "size": [50, 50]}
sorl-thumbnail||image||2b00cace808cb6e242bbd65cd649ba7e	{"name": "cache/65/d6/65d63101e61cbaa481692db2c610d282.jpg", "storage": "django.core.files.storage.FileSystemStorage", "size": [400, 400]}
sorl-thumbnail||image||ec9fd665d8ccf06386788cdc1f901ae9	{"name": "cache/99/03/99030d3ccc081ab98a02b60f5ff42ae4.jpg", "storage": "django.core.files.storage.FileSystemStorage", "size": [1000, 1000]}
\.


--
-- Data for Name: user_profile_userprofile; Type: TABLE DATA; Schema: public; Owner: postgres
--

COPY user_profile_userprofile (id, city, user_id) FROM stdin;
1		1
2		2
\.


--
-- Name: user_profile_userprofile_id_seq; Type: SEQUENCE SET; Schema: public; Owner: postgres
--

SELECT pg_catalog.setval('user_profile_userprofile_id_seq', 2, true);


--
-- Name: video_gallery_item_id_seq; Type: SEQUENCE SET; Schema: public; Owner: postgres
--

SELECT pg_catalog.setval('video_gallery_item_id_seq', 36, true);


--
-- Data for Name: video_gallery_video; Type: TABLE DATA; Schema: public; Owner: postgres
--

COPY video_gallery_video (id, title, youtube_url, num) FROM stdin;
1	Силиконовые приманки. О брендах и съедобной резине.	https://www.youtube.com/watch?v=E5zDDrUK7P0	1
2	Ремонт снастей или Клиника Доктора Зая.	https://www.youtube.com/watch?v=ruGokr_0Qs8	2
3	Сом на квок. Мои снасти.	https://www.youtube.com/watch?v=-1AyUULoJpU	3
5	Щука в кувшинках	https://www.youtube.com/watch?v=0TOOz7LnW8c	0
\.


--
-- Name: auth_group auth_group_name_key; Type: CONSTRAINT; Schema: public; Owner: postgres
--

ALTER TABLE ONLY auth_group
    ADD CONSTRAINT auth_group_name_key UNIQUE (name);


--
-- Name: auth_group_permissions auth_group_permissions_group_id_0cd325b0_uniq; Type: CONSTRAINT; Schema: public; Owner: postgres
--

ALTER TABLE ONLY auth_group_permissions
    ADD CONSTRAINT auth_group_permissions_group_id_0cd325b0_uniq UNIQUE (group_id, permission_id);


--
-- Name: auth_group_permissions auth_group_permissions_pkey; Type: CONSTRAINT; Schema: public; Owner: postgres
--

ALTER TABLE ONLY auth_group_permissions
    ADD CONSTRAINT auth_group_permissions_pkey PRIMARY KEY (id);


--
-- Name: auth_group auth_group_pkey; Type: CONSTRAINT; Schema: public; Owner: postgres
--

ALTER TABLE ONLY auth_group
    ADD CONSTRAINT auth_group_pkey PRIMARY KEY (id);


--
-- Name: auth_permission auth_permission_content_type_id_01ab375a_uniq; Type: CONSTRAINT; Schema: public; Owner: postgres
--

ALTER TABLE ONLY auth_permission
    ADD CONSTRAINT auth_permission_content_type_id_01ab375a_uniq UNIQUE (content_type_id, codename);


--
-- Name: auth_permission auth_permission_pkey; Type: CONSTRAINT; Schema: public; Owner: postgres
--

ALTER TABLE ONLY auth_permission
    ADD CONSTRAINT auth_permission_pkey PRIMARY KEY (id);


--
-- Name: auth_user_groups auth_user_groups_pkey; Type: CONSTRAINT; Schema: public; Owner: postgres
--

ALTER TABLE ONLY auth_user_groups
    ADD CONSTRAINT auth_user_groups_pkey PRIMARY KEY (id);


--
-- Name: auth_user_groups auth_user_groups_user_id_94350c0c_uniq; Type: CONSTRAINT; Schema: public; Owner: postgres
--

ALTER TABLE ONLY auth_user_groups
    ADD CONSTRAINT auth_user_groups_user_id_94350c0c_uniq UNIQUE (user_id, group_id);


--
-- Name: auth_user auth_user_pkey; Type: CONSTRAINT; Schema: public; Owner: postgres
--

ALTER TABLE ONLY auth_user
    ADD CONSTRAINT auth_user_pkey PRIMARY KEY (id);


--
-- Name: auth_user_user_permissions auth_user_user_permissions_pkey; Type: CONSTRAINT; Schema: public; Owner: postgres
--

ALTER TABLE ONLY auth_user_user_permissions
    ADD CONSTRAINT auth_user_user_permissions_pkey PRIMARY KEY (id);


--
-- Name: auth_user_user_permissions auth_user_user_permissions_user_id_14a6b632_uniq; Type: CONSTRAINT; Schema: public; Owner: postgres
--

ALTER TABLE ONLY auth_user_user_permissions
    ADD CONSTRAINT auth_user_user_permissions_user_id_14a6b632_uniq UNIQUE (user_id, permission_id);


--
-- Name: auth_user auth_user_username_key; Type: CONSTRAINT; Schema: public; Owner: postgres
--

ALTER TABLE ONLY auth_user
    ADD CONSTRAINT auth_user_username_key UNIQUE (username);


--
-- Name: django_admin_log django_admin_log_pkey; Type: CONSTRAINT; Schema: public; Owner: postgres
--

ALTER TABLE ONLY django_admin_log
    ADD CONSTRAINT django_admin_log_pkey PRIMARY KEY (id);


--
-- Name: django_content_type django_content_type_app_label_76bd3d3b_uniq; Type: CONSTRAINT; Schema: public; Owner: postgres
--

ALTER TABLE ONLY django_content_type
    ADD CONSTRAINT django_content_type_app_label_76bd3d3b_uniq UNIQUE (app_label, model);


--
-- Name: django_content_type django_content_type_pkey; Type: CONSTRAINT; Schema: public; Owner: postgres
--

ALTER TABLE ONLY django_content_type
    ADD CONSTRAINT django_content_type_pkey PRIMARY KEY (id);


--
-- Name: django_migrations django_migrations_pkey; Type: CONSTRAINT; Schema: public; Owner: postgres
--

ALTER TABLE ONLY django_migrations
    ADD CONSTRAINT django_migrations_pkey PRIMARY KEY (id);


--
-- Name: django_session django_session_pkey; Type: CONSTRAINT; Schema: public; Owner: postgres
--

ALTER TABLE ONLY django_session
    ADD CONSTRAINT django_session_pkey PRIMARY KEY (session_key);


--
-- Name: news_news news_news_pkey; Type: CONSTRAINT; Schema: public; Owner: postgres
--

ALTER TABLE ONLY news_news
    ADD CONSTRAINT news_news_pkey PRIMARY KEY (id);


--
-- Name: page_menu page_menu_pkey; Type: CONSTRAINT; Schema: public; Owner: postgres
--

ALTER TABLE ONLY page_menu
    ADD CONSTRAINT page_menu_pkey PRIMARY KEY (id);


--
-- Name: page_menu page_menu_slug_key; Type: CONSTRAINT; Schema: public; Owner: postgres
--

ALTER TABLE ONLY page_menu
    ADD CONSTRAINT page_menu_slug_key UNIQUE (slug);


--
-- Name: page_menusection page_menusection_pkey; Type: CONSTRAINT; Schema: public; Owner: postgres
--

ALTER TABLE ONLY page_menusection
    ADD CONSTRAINT page_menusection_pkey PRIMARY KEY (id);


--
-- Name: page_page page_page_pkey; Type: CONSTRAINT; Schema: public; Owner: postgres
--

ALTER TABLE ONLY page_page
    ADD CONSTRAINT page_page_pkey PRIMARY KEY (id);


--
-- Name: page_page page_page_slug_key; Type: CONSTRAINT; Schema: public; Owner: postgres
--

ALTER TABLE ONLY page_page
    ADD CONSTRAINT page_page_slug_key UNIQUE (slug);


--
-- Name: page_placeholder page_placeholder_pkey; Type: CONSTRAINT; Schema: public; Owner: postgres
--

ALTER TABLE ONLY page_placeholder
    ADD CONSTRAINT page_placeholder_pkey PRIMARY KEY (id);


--
-- Name: page_setting page_setting_pkey; Type: CONSTRAINT; Schema: public; Owner: postgres
--

ALTER TABLE ONLY page_setting
    ADD CONSTRAINT page_setting_pkey PRIMARY KEY (id);


--
-- Name: registration_registrationprofile registration_registrationprofile_pkey; Type: CONSTRAINT; Schema: public; Owner: postgres
--

ALTER TABLE ONLY registration_registrationprofile
    ADD CONSTRAINT registration_registrationprofile_pkey PRIMARY KEY (id);


--
-- Name: registration_registrationprofile registration_registrationprofile_user_id_key; Type: CONSTRAINT; Schema: public; Owner: postgres
--

ALTER TABLE ONLY registration_registrationprofile
    ADD CONSTRAINT registration_registrationprofile_user_id_key UNIQUE (user_id);


--
-- Name: shop_brands shop_brands_pkey; Type: CONSTRAINT; Schema: public; Owner: postgres
--

ALTER TABLE ONLY shop_brands
    ADD CONSTRAINT shop_brands_pkey PRIMARY KEY (id);


--
-- Name: shop_category shop_category_pkey; Type: CONSTRAINT; Schema: public; Owner: postgres
--

ALTER TABLE ONLY shop_category
    ADD CONSTRAINT shop_category_pkey PRIMARY KEY (id);


--
-- Name: shop_category shop_category_slug_key; Type: CONSTRAINT; Schema: public; Owner: postgres
--

ALTER TABLE ONLY shop_category
    ADD CONSTRAINT shop_category_slug_key UNIQUE (slug);


--
-- Name: shop_item_category shop_item_category_item_id_d7f3495b_uniq; Type: CONSTRAINT; Schema: public; Owner: postgres
--

ALTER TABLE ONLY shop_item_category
    ADD CONSTRAINT shop_item_category_item_id_d7f3495b_uniq UNIQUE (item_id, category_id);


--
-- Name: shop_item_category shop_item_category_pkey; Type: CONSTRAINT; Schema: public; Owner: postgres
--

ALTER TABLE ONLY shop_item_category
    ADD CONSTRAINT shop_item_category_pkey PRIMARY KEY (id);


--
-- Name: shop_item_image shop_item_image_pkey; Type: CONSTRAINT; Schema: public; Owner: postgres
--

ALTER TABLE ONLY shop_item_image
    ADD CONSTRAINT shop_item_image_pkey PRIMARY KEY (id);


--
-- Name: shop_item shop_item_pkey; Type: CONSTRAINT; Schema: public; Owner: postgres
--

ALTER TABLE ONLY shop_item
    ADD CONSTRAINT shop_item_pkey PRIMARY KEY (id);


--
-- Name: shop_item shop_item_slug_key; Type: CONSTRAINT; Schema: public; Owner: postgres
--

ALTER TABLE ONLY shop_item
    ADD CONSTRAINT shop_item_slug_key UNIQUE (slug);


--
-- Name: shop_order shop_order_pkey; Type: CONSTRAINT; Schema: public; Owner: postgres
--

ALTER TABLE ONLY shop_order
    ADD CONSTRAINT shop_order_pkey PRIMARY KEY (id);


--
-- Name: shop_orderitem shop_orderitem_pkey; Type: CONSTRAINT; Schema: public; Owner: postgres
--

ALTER TABLE ONLY shop_orderitem
    ADD CONSTRAINT shop_orderitem_pkey PRIMARY KEY (id);


--
-- Name: shop_status shop_status_pkey; Type: CONSTRAINT; Schema: public; Owner: postgres
--

ALTER TABLE ONLY shop_status
    ADD CONSTRAINT shop_status_pkey PRIMARY KEY (id);


--
-- Name: shop_userprofile shop_userprofile_pkey; Type: CONSTRAINT; Schema: public; Owner: postgres
--

ALTER TABLE ONLY shop_userprofile
    ADD CONSTRAINT shop_userprofile_pkey PRIMARY KEY (id);


--
-- Name: shop_userprofile shop_userprofile_user_id_key; Type: CONSTRAINT; Schema: public; Owner: postgres
--

ALTER TABLE ONLY shop_userprofile
    ADD CONSTRAINT shop_userprofile_user_id_key UNIQUE (user_id);


--
-- Name: taggit_tag taggit_tag_name_key; Type: CONSTRAINT; Schema: public; Owner: postgres
--

ALTER TABLE ONLY taggit_tag
    ADD CONSTRAINT taggit_tag_name_key UNIQUE (name);


--
-- Name: taggit_tag taggit_tag_pkey; Type: CONSTRAINT; Schema: public; Owner: postgres
--

ALTER TABLE ONLY taggit_tag
    ADD CONSTRAINT taggit_tag_pkey PRIMARY KEY (id);


--
-- Name: taggit_tag taggit_tag_slug_key; Type: CONSTRAINT; Schema: public; Owner: postgres
--

ALTER TABLE ONLY taggit_tag
    ADD CONSTRAINT taggit_tag_slug_key UNIQUE (slug);


--
-- Name: taggit_taggeditem taggit_taggeditem_pkey; Type: CONSTRAINT; Schema: public; Owner: postgres
--

ALTER TABLE ONLY taggit_taggeditem
    ADD CONSTRAINT taggit_taggeditem_pkey PRIMARY KEY (id);


--
-- Name: thumbnail_kvstore thumbnail_kvstore_pkey; Type: CONSTRAINT; Schema: public; Owner: postgres
--

ALTER TABLE ONLY thumbnail_kvstore
    ADD CONSTRAINT thumbnail_kvstore_pkey PRIMARY KEY (key);


--
-- Name: user_profile_userprofile user_profile_userprofile_pkey; Type: CONSTRAINT; Schema: public; Owner: postgres
--

ALTER TABLE ONLY user_profile_userprofile
    ADD CONSTRAINT user_profile_userprofile_pkey PRIMARY KEY (id);


--
-- Name: user_profile_userprofile user_profile_userprofile_user_id_key; Type: CONSTRAINT; Schema: public; Owner: postgres
--

ALTER TABLE ONLY user_profile_userprofile
    ADD CONSTRAINT user_profile_userprofile_user_id_key UNIQUE (user_id);


--
-- Name: video_gallery_video video_gallery_item_pkey; Type: CONSTRAINT; Schema: public; Owner: postgres
--

ALTER TABLE ONLY video_gallery_video
    ADD CONSTRAINT video_gallery_item_pkey PRIMARY KEY (id);


--
-- Name: auth_group_name_a6ea08ec_like; Type: INDEX; Schema: public; Owner: postgres
--

CREATE INDEX auth_group_name_a6ea08ec_like ON auth_group USING btree (name varchar_pattern_ops);


--
-- Name: auth_group_permissions_0e939a4f; Type: INDEX; Schema: public; Owner: postgres
--

CREATE INDEX auth_group_permissions_0e939a4f ON auth_group_permissions USING btree (group_id);


--
-- Name: auth_group_permissions_8373b171; Type: INDEX; Schema: public; Owner: postgres
--

CREATE INDEX auth_group_permissions_8373b171 ON auth_group_permissions USING btree (permission_id);


--
-- Name: auth_permission_417f1b1c; Type: INDEX; Schema: public; Owner: postgres
--

CREATE INDEX auth_permission_417f1b1c ON auth_permission USING btree (content_type_id);


--
-- Name: auth_user_groups_0e939a4f; Type: INDEX; Schema: public; Owner: postgres
--

CREATE INDEX auth_user_groups_0e939a4f ON auth_user_groups USING btree (group_id);


--
-- Name: auth_user_groups_e8701ad4; Type: INDEX; Schema: public; Owner: postgres
--

CREATE INDEX auth_user_groups_e8701ad4 ON auth_user_groups USING btree (user_id);


--
-- Name: auth_user_user_permissions_8373b171; Type: INDEX; Schema: public; Owner: postgres
--

CREATE INDEX auth_user_user_permissions_8373b171 ON auth_user_user_permissions USING btree (permission_id);


--
-- Name: auth_user_user_permissions_e8701ad4; Type: INDEX; Schema: public; Owner: postgres
--

CREATE INDEX auth_user_user_permissions_e8701ad4 ON auth_user_user_permissions USING btree (user_id);


--
-- Name: auth_user_username_6821ab7c_like; Type: INDEX; Schema: public; Owner: postgres
--

CREATE INDEX auth_user_username_6821ab7c_like ON auth_user USING btree (username varchar_pattern_ops);


--
-- Name: django_admin_log_417f1b1c; Type: INDEX; Schema: public; Owner: postgres
--

CREATE INDEX django_admin_log_417f1b1c ON django_admin_log USING btree (content_type_id);


--
-- Name: django_admin_log_e8701ad4; Type: INDEX; Schema: public; Owner: postgres
--

CREATE INDEX django_admin_log_e8701ad4 ON django_admin_log USING btree (user_id);


--
-- Name: django_session_de54fa62; Type: INDEX; Schema: public; Owner: postgres
--

CREATE INDEX django_session_de54fa62 ON django_session USING btree (expire_date);


--
-- Name: django_session_session_key_c0390e0f_like; Type: INDEX; Schema: public; Owner: postgres
--

CREATE INDEX django_session_session_key_c0390e0f_like ON django_session USING btree (session_key varchar_pattern_ops);


--
-- Name: page_menu_slug_b9590e11_like; Type: INDEX; Schema: public; Owner: postgres
--

CREATE INDEX page_menu_slug_b9590e11_like ON page_menu USING btree (slug varchar_pattern_ops);


--
-- Name: page_menusection_1a63c800; Type: INDEX; Schema: public; Owner: postgres
--

CREATE INDEX page_menusection_1a63c800 ON page_menusection USING btree (page_id);


--
-- Name: page_menusection_3cfbd988; Type: INDEX; Schema: public; Owner: postgres
--

CREATE INDEX page_menusection_3cfbd988 ON page_menusection USING btree (rght);


--
-- Name: page_menusection_656442a0; Type: INDEX; Schema: public; Owner: postgres
--

CREATE INDEX page_menusection_656442a0 ON page_menusection USING btree (tree_id);


--
-- Name: page_menusection_6be37982; Type: INDEX; Schema: public; Owner: postgres
--

CREATE INDEX page_menusection_6be37982 ON page_menusection USING btree (parent_id);


--
-- Name: page_menusection_93e25458; Type: INDEX; Schema: public; Owner: postgres
--

CREATE INDEX page_menusection_93e25458 ON page_menusection USING btree (menu_id);


--
-- Name: page_menusection_c9e9a848; Type: INDEX; Schema: public; Owner: postgres
--

CREATE INDEX page_menusection_c9e9a848 ON page_menusection USING btree (level);


--
-- Name: page_menusection_caf7cc51; Type: INDEX; Schema: public; Owner: postgres
--

CREATE INDEX page_menusection_caf7cc51 ON page_menusection USING btree (lft);


--
-- Name: page_page_3cfbd988; Type: INDEX; Schema: public; Owner: postgres
--

CREATE INDEX page_page_3cfbd988 ON page_page USING btree (rght);


--
-- Name: page_page_656442a0; Type: INDEX; Schema: public; Owner: postgres
--

CREATE INDEX page_page_656442a0 ON page_page USING btree (tree_id);


--
-- Name: page_page_6be37982; Type: INDEX; Schema: public; Owner: postgres
--

CREATE INDEX page_page_6be37982 ON page_page USING btree (parent_id);


--
-- Name: page_page_c9e9a848; Type: INDEX; Schema: public; Owner: postgres
--

CREATE INDEX page_page_c9e9a848 ON page_page USING btree (level);


--
-- Name: page_page_caf7cc51; Type: INDEX; Schema: public; Owner: postgres
--

CREATE INDEX page_page_caf7cc51 ON page_page USING btree (lft);


--
-- Name: page_page_slug_d6b7c8ed_like; Type: INDEX; Schema: public; Owner: postgres
--

CREATE INDEX page_page_slug_d6b7c8ed_like ON page_page USING btree (slug varchar_pattern_ops);


--
-- Name: page_placeholder_d5d3db17; Type: INDEX; Schema: public; Owner: postgres
--

CREATE INDEX page_placeholder_d5d3db17 ON page_placeholder USING btree (title);


--
-- Name: page_placeholder_title_fbe951d3_like; Type: INDEX; Schema: public; Owner: postgres
--

CREATE INDEX page_placeholder_title_fbe951d3_like ON page_placeholder USING btree (title varchar_pattern_ops);


--
-- Name: shop_category_3cfbd988; Type: INDEX; Schema: public; Owner: postgres
--

CREATE INDEX shop_category_3cfbd988 ON shop_category USING btree (rght);


--
-- Name: shop_category_656442a0; Type: INDEX; Schema: public; Owner: postgres
--

CREATE INDEX shop_category_656442a0 ON shop_category USING btree (tree_id);


--
-- Name: shop_category_6be37982; Type: INDEX; Schema: public; Owner: postgres
--

CREATE INDEX shop_category_6be37982 ON shop_category USING btree (parent_id);


--
-- Name: shop_category_c9e9a848; Type: INDEX; Schema: public; Owner: postgres
--

CREATE INDEX shop_category_c9e9a848 ON shop_category USING btree (level);


--
-- Name: shop_category_caf7cc51; Type: INDEX; Schema: public; Owner: postgres
--

CREATE INDEX shop_category_caf7cc51 ON shop_category USING btree (lft);


--
-- Name: shop_category_slug_4508178e_like; Type: INDEX; Schema: public; Owner: postgres
--

CREATE INDEX shop_category_slug_4508178e_like ON shop_category USING btree (slug varchar_pattern_ops);


--
-- Name: shop_item_521b20f5; Type: INDEX; Schema: public; Owner: postgres
--

CREATE INDEX shop_item_521b20f5 ON shop_item USING btree (brand_id);


--
-- Name: shop_item_category_82bfda79; Type: INDEX; Schema: public; Owner: postgres
--

CREATE INDEX shop_item_category_82bfda79 ON shop_item_category USING btree (item_id);


--
-- Name: shop_item_category_b583a629; Type: INDEX; Schema: public; Owner: postgres
--

CREATE INDEX shop_item_category_b583a629 ON shop_item_category USING btree (category_id);


--
-- Name: shop_item_image_0fc3cfbc; Type: INDEX; Schema: public; Owner: postgres
--

CREATE INDEX shop_item_image_0fc3cfbc ON shop_item_image USING btree (num);


--
-- Name: shop_item_image_d13a33bf; Type: INDEX; Schema: public; Owner: postgres
--

CREATE INDEX shop_item_image_d13a33bf ON shop_item_image USING btree (item_variation_id);


--
-- Name: shop_item_slug_6410ce1c_like; Type: INDEX; Schema: public; Owner: postgres
--

CREATE INDEX shop_item_slug_6410ce1c_like ON shop_item USING btree (slug varchar_pattern_ops);


--
-- Name: shop_order_cb24373b; Type: INDEX; Schema: public; Owner: postgres
--

CREATE INDEX shop_order_cb24373b ON shop_order USING btree (customer_id);


--
-- Name: shop_order_dc91ed4b; Type: INDEX; Schema: public; Owner: postgres
--

CREATE INDEX shop_order_dc91ed4b ON shop_order USING btree (status_id);


--
-- Name: shop_orderitem_69dfcb07; Type: INDEX; Schema: public; Owner: postgres
--

CREATE INDEX shop_orderitem_69dfcb07 ON shop_orderitem USING btree (order_id);


--
-- Name: shop_orderitem_82bfda79; Type: INDEX; Schema: public; Owner: postgres
--

CREATE INDEX shop_orderitem_82bfda79 ON shop_orderitem USING btree (item_id);


--
-- Name: taggit_tag_name_58eb2ed9_like; Type: INDEX; Schema: public; Owner: postgres
--

CREATE INDEX taggit_tag_name_58eb2ed9_like ON taggit_tag USING btree (name varchar_pattern_ops);


--
-- Name: taggit_tag_slug_6be58b2c_like; Type: INDEX; Schema: public; Owner: postgres
--

CREATE INDEX taggit_tag_slug_6be58b2c_like ON taggit_tag USING btree (slug varchar_pattern_ops);


--
-- Name: taggit_taggeditem_417f1b1c; Type: INDEX; Schema: public; Owner: postgres
--

CREATE INDEX taggit_taggeditem_417f1b1c ON taggit_taggeditem USING btree (content_type_id);


--
-- Name: taggit_taggeditem_76f094bc; Type: INDEX; Schema: public; Owner: postgres
--

CREATE INDEX taggit_taggeditem_76f094bc ON taggit_taggeditem USING btree (tag_id);


--
-- Name: taggit_taggeditem_af31437c; Type: INDEX; Schema: public; Owner: postgres
--

CREATE INDEX taggit_taggeditem_af31437c ON taggit_taggeditem USING btree (object_id);


--
-- Name: taggit_taggeditem_content_type_id_196cc965_idx; Type: INDEX; Schema: public; Owner: postgres
--

CREATE INDEX taggit_taggeditem_content_type_id_196cc965_idx ON taggit_taggeditem USING btree (content_type_id, object_id);


--
-- Name: thumbnail_kvstore_key_3f850178_like; Type: INDEX; Schema: public; Owner: postgres
--

CREATE INDEX thumbnail_kvstore_key_3f850178_like ON thumbnail_kvstore USING btree (key varchar_pattern_ops);


--
-- Name: video_gallery_item_0fc3cfbc; Type: INDEX; Schema: public; Owner: postgres
--

CREATE INDEX video_gallery_item_0fc3cfbc ON video_gallery_video USING btree (num);


--
-- Name: auth_group_permissions auth_group_permiss_permission_id_84c5c92e_fk_auth_permission_id; Type: FK CONSTRAINT; Schema: public; Owner: postgres
--

ALTER TABLE ONLY auth_group_permissions
    ADD CONSTRAINT auth_group_permiss_permission_id_84c5c92e_fk_auth_permission_id FOREIGN KEY (permission_id) REFERENCES auth_permission(id) DEFERRABLE INITIALLY DEFERRED;


--
-- Name: auth_group_permissions auth_group_permissions_group_id_b120cbf9_fk_auth_group_id; Type: FK CONSTRAINT; Schema: public; Owner: postgres
--

ALTER TABLE ONLY auth_group_permissions
    ADD CONSTRAINT auth_group_permissions_group_id_b120cbf9_fk_auth_group_id FOREIGN KEY (group_id) REFERENCES auth_group(id) DEFERRABLE INITIALLY DEFERRED;


--
-- Name: auth_permission auth_permiss_content_type_id_2f476e4b_fk_django_content_type_id; Type: FK CONSTRAINT; Schema: public; Owner: postgres
--

ALTER TABLE ONLY auth_permission
    ADD CONSTRAINT auth_permiss_content_type_id_2f476e4b_fk_django_content_type_id FOREIGN KEY (content_type_id) REFERENCES django_content_type(id) DEFERRABLE INITIALLY DEFERRED;


--
-- Name: auth_user_groups auth_user_groups_group_id_97559544_fk_auth_group_id; Type: FK CONSTRAINT; Schema: public; Owner: postgres
--

ALTER TABLE ONLY auth_user_groups
    ADD CONSTRAINT auth_user_groups_group_id_97559544_fk_auth_group_id FOREIGN KEY (group_id) REFERENCES auth_group(id) DEFERRABLE INITIALLY DEFERRED;


--
-- Name: auth_user_groups auth_user_groups_user_id_6a12ed8b_fk_auth_user_id; Type: FK CONSTRAINT; Schema: public; Owner: postgres
--

ALTER TABLE ONLY auth_user_groups
    ADD CONSTRAINT auth_user_groups_user_id_6a12ed8b_fk_auth_user_id FOREIGN KEY (user_id) REFERENCES auth_user(id) DEFERRABLE INITIALLY DEFERRED;


--
-- Name: auth_user_user_permissions auth_user_user_per_permission_id_1fbb5f2c_fk_auth_permission_id; Type: FK CONSTRAINT; Schema: public; Owner: postgres
--

ALTER TABLE ONLY auth_user_user_permissions
    ADD CONSTRAINT auth_user_user_per_permission_id_1fbb5f2c_fk_auth_permission_id FOREIGN KEY (permission_id) REFERENCES auth_permission(id) DEFERRABLE INITIALLY DEFERRED;


--
-- Name: auth_user_user_permissions auth_user_user_permissions_user_id_a95ead1b_fk_auth_user_id; Type: FK CONSTRAINT; Schema: public; Owner: postgres
--

ALTER TABLE ONLY auth_user_user_permissions
    ADD CONSTRAINT auth_user_user_permissions_user_id_a95ead1b_fk_auth_user_id FOREIGN KEY (user_id) REFERENCES auth_user(id) DEFERRABLE INITIALLY DEFERRED;


--
-- Name: django_admin_log django_admin_content_type_id_c4bce8eb_fk_django_content_type_id; Type: FK CONSTRAINT; Schema: public; Owner: postgres
--

ALTER TABLE ONLY django_admin_log
    ADD CONSTRAINT django_admin_content_type_id_c4bce8eb_fk_django_content_type_id FOREIGN KEY (content_type_id) REFERENCES django_content_type(id) DEFERRABLE INITIALLY DEFERRED;


--
-- Name: django_admin_log django_admin_log_user_id_c564eba6_fk_auth_user_id; Type: FK CONSTRAINT; Schema: public; Owner: postgres
--

ALTER TABLE ONLY django_admin_log
    ADD CONSTRAINT django_admin_log_user_id_c564eba6_fk_auth_user_id FOREIGN KEY (user_id) REFERENCES auth_user(id) DEFERRABLE INITIALLY DEFERRED;


--
-- Name: page_menusection page_menusection_menu_id_0d6f0d80_fk_page_menu_id; Type: FK CONSTRAINT; Schema: public; Owner: postgres
--

ALTER TABLE ONLY page_menusection
    ADD CONSTRAINT page_menusection_menu_id_0d6f0d80_fk_page_menu_id FOREIGN KEY (menu_id) REFERENCES page_menu(id) DEFERRABLE INITIALLY DEFERRED;


--
-- Name: page_menusection page_menusection_page_id_c4a72f08_fk_page_page_id; Type: FK CONSTRAINT; Schema: public; Owner: postgres
--

ALTER TABLE ONLY page_menusection
    ADD CONSTRAINT page_menusection_page_id_c4a72f08_fk_page_page_id FOREIGN KEY (page_id) REFERENCES page_page(id) DEFERRABLE INITIALLY DEFERRED;


--
-- Name: page_menusection page_menusection_parent_id_2c5e305c_fk_page_menusection_id; Type: FK CONSTRAINT; Schema: public; Owner: postgres
--

ALTER TABLE ONLY page_menusection
    ADD CONSTRAINT page_menusection_parent_id_2c5e305c_fk_page_menusection_id FOREIGN KEY (parent_id) REFERENCES page_menusection(id) DEFERRABLE INITIALLY DEFERRED;


--
-- Name: page_page page_page_parent_id_3d617840_fk_page_page_id; Type: FK CONSTRAINT; Schema: public; Owner: postgres
--

ALTER TABLE ONLY page_page
    ADD CONSTRAINT page_page_parent_id_3d617840_fk_page_page_id FOREIGN KEY (parent_id) REFERENCES page_page(id) DEFERRABLE INITIALLY DEFERRED;


--
-- Name: registration_registrationprofile registration_registrationprofi_user_id_5fcbf725_fk_auth_user_id; Type: FK CONSTRAINT; Schema: public; Owner: postgres
--

ALTER TABLE ONLY registration_registrationprofile
    ADD CONSTRAINT registration_registrationprofi_user_id_5fcbf725_fk_auth_user_id FOREIGN KEY (user_id) REFERENCES auth_user(id) DEFERRABLE INITIALLY DEFERRED;


--
-- Name: shop_category shop_category_parent_id_901626c9_fk_shop_category_id; Type: FK CONSTRAINT; Schema: public; Owner: postgres
--

ALTER TABLE ONLY shop_category
    ADD CONSTRAINT shop_category_parent_id_901626c9_fk_shop_category_id FOREIGN KEY (parent_id) REFERENCES shop_category(id) DEFERRABLE INITIALLY DEFERRED;


--
-- Name: shop_item shop_item_brand_id_53af142e_fk_shop_brands_id; Type: FK CONSTRAINT; Schema: public; Owner: postgres
--

ALTER TABLE ONLY shop_item
    ADD CONSTRAINT shop_item_brand_id_53af142e_fk_shop_brands_id FOREIGN KEY (brand_id) REFERENCES shop_brands(id) DEFERRABLE INITIALLY DEFERRED;


--
-- Name: shop_item_category shop_item_category_category_id_6b340432_fk_shop_category_id; Type: FK CONSTRAINT; Schema: public; Owner: postgres
--

ALTER TABLE ONLY shop_item_category
    ADD CONSTRAINT shop_item_category_category_id_6b340432_fk_shop_category_id FOREIGN KEY (category_id) REFERENCES shop_category(id) DEFERRABLE INITIALLY DEFERRED;


--
-- Name: shop_item_category shop_item_category_item_id_cc9d4819_fk_shop_item_id; Type: FK CONSTRAINT; Schema: public; Owner: postgres
--

ALTER TABLE ONLY shop_item_category
    ADD CONSTRAINT shop_item_category_item_id_cc9d4819_fk_shop_item_id FOREIGN KEY (item_id) REFERENCES shop_item(id) DEFERRABLE INITIALLY DEFERRED;


--
-- Name: shop_item_image shop_item_image_item_variation_id_14743851_fk_shop_item_id; Type: FK CONSTRAINT; Schema: public; Owner: postgres
--

ALTER TABLE ONLY shop_item_image
    ADD CONSTRAINT shop_item_image_item_variation_id_14743851_fk_shop_item_id FOREIGN KEY (item_variation_id) REFERENCES shop_item(id) DEFERRABLE INITIALLY DEFERRED;


--
-- Name: shop_order shop_order_customer_id_f638df20_fk_auth_user_id; Type: FK CONSTRAINT; Schema: public; Owner: postgres
--

ALTER TABLE ONLY shop_order
    ADD CONSTRAINT shop_order_customer_id_f638df20_fk_auth_user_id FOREIGN KEY (customer_id) REFERENCES auth_user(id) DEFERRABLE INITIALLY DEFERRED;


--
-- Name: shop_order shop_order_status_id_60793dbe_fk_shop_status_id; Type: FK CONSTRAINT; Schema: public; Owner: postgres
--

ALTER TABLE ONLY shop_order
    ADD CONSTRAINT shop_order_status_id_60793dbe_fk_shop_status_id FOREIGN KEY (status_id) REFERENCES shop_status(id) DEFERRABLE INITIALLY DEFERRED;


--
-- Name: shop_orderitem shop_orderitem_item_id_f8b42fc5_fk_shop_item_id; Type: FK CONSTRAINT; Schema: public; Owner: postgres
--

ALTER TABLE ONLY shop_orderitem
    ADD CONSTRAINT shop_orderitem_item_id_f8b42fc5_fk_shop_item_id FOREIGN KEY (item_id) REFERENCES shop_item(id) DEFERRABLE INITIALLY DEFERRED;


--
-- Name: shop_orderitem shop_orderitem_order_id_2f1b00cf_fk_shop_order_id; Type: FK CONSTRAINT; Schema: public; Owner: postgres
--

ALTER TABLE ONLY shop_orderitem
    ADD CONSTRAINT shop_orderitem_order_id_2f1b00cf_fk_shop_order_id FOREIGN KEY (order_id) REFERENCES shop_order(id) DEFERRABLE INITIALLY DEFERRED;


--
-- Name: shop_userprofile shop_userprofile_user_id_f68b553c_fk_auth_user_id; Type: FK CONSTRAINT; Schema: public; Owner: postgres
--

ALTER TABLE ONLY shop_userprofile
    ADD CONSTRAINT shop_userprofile_user_id_f68b553c_fk_auth_user_id FOREIGN KEY (user_id) REFERENCES auth_user(id) DEFERRABLE INITIALLY DEFERRED;


--
-- Name: taggit_taggeditem taggit_tagge_content_type_id_9957a03c_fk_django_content_type_id; Type: FK CONSTRAINT; Schema: public; Owner: postgres
--

ALTER TABLE ONLY taggit_taggeditem
    ADD CONSTRAINT taggit_tagge_content_type_id_9957a03c_fk_django_content_type_id FOREIGN KEY (content_type_id) REFERENCES django_content_type(id) DEFERRABLE INITIALLY DEFERRED;


--
-- Name: taggit_taggeditem taggit_taggeditem_tag_id_f4f5b767_fk_taggit_tag_id; Type: FK CONSTRAINT; Schema: public; Owner: postgres
--

ALTER TABLE ONLY taggit_taggeditem
    ADD CONSTRAINT taggit_taggeditem_tag_id_f4f5b767_fk_taggit_tag_id FOREIGN KEY (tag_id) REFERENCES taggit_tag(id) DEFERRABLE INITIALLY DEFERRED;


--
-- Name: user_profile_userprofile user_profile_userprofile_user_id_84fd5b2a_fk_auth_user_id; Type: FK CONSTRAINT; Schema: public; Owner: postgres
--

ALTER TABLE ONLY user_profile_userprofile
    ADD CONSTRAINT user_profile_userprofile_user_id_84fd5b2a_fk_auth_user_id FOREIGN KEY (user_id) REFERENCES auth_user(id) DEFERRABLE INITIALLY DEFERRED;


--
-- PostgreSQL database dump complete
--

